Aglie',Piemonte,Al Castello,2909468475,Piazza Setificio 59
Bardonecchia,Piemonte,Al Crotin,3700735140,Via Giuseppe Francesco Medail 39
Bricherasio,Piemonte,0115 Zerounounocinque Ristobar,2116417811,Stradale Torre Pellice 15
Bricherasio,Piemonte,Angelo Blu,2055729976,Via Vittorio Emanuele II 83C
Bricherasio,Piemonte,Antico Portico,2593101716,Via Vittorio Emanuele II 33
Chialamberto,Piemonte,BAR ALPINO,3773273557,Via Roma 96
Chialamberto,Piemonte,BAR PATTINAGGIO,3773288047,Via Pratolungo 168
Chiusa Di San Michele,Piemonte,Angel,3371509988,Via Torino 180
Corio,Piemonte,Bar,2527949817,Unione Montana di Comuni delle Valli di Lanzo 55
Orbassano,Piemonte,Al13,1376576638,Via della Bassa 48
Orbassano,Piemonte,Aladino's,1109029752,Strada Stupinigi 50
Piverone,Piemonte,"Bar """"La Capannina""""",3241288065,Strada Statale 228 26
Prali,Piemonte,Alpi,1839770751,Malzat SP169
Rivalta Di Torino,Piemonte,Bar Atlantic,458387243,Strada Torino 199
Rivarolo Canavese,Piemonte,Al Bistrot,2006353707,Via Antonio Merlo 158
Rivarolo Canavese,Piemonte,Alex's cafè,1998512412,Corso Italia 80
Rivarolo Canavese,Piemonte,Avenatti,1984110090,Via Ivrea 119
Rivarolo Canavese,Piemonte,Bar Allanon,2009644721,Via Oglianico 3
Rivoli,Piemonte,Ari Cafe',2727272473,Volvera 18
Rivoli,Piemonte,Ary Caffe',2950418766,Piazzale Carena 165
San Maurizio Canavese,Piemonte,50 Special,3778007791,Via Aldo Devietti Goggia 46
San Secondo Di Pinerolo,Piemonte,8 Settembre,3730281249,Via San Rocco 97
Scarmagno,Piemonte,Autogrill,2919189490,Area di Servizio Scarmagno est 77
Scarmagno,Piemonte,Autogrill,2919189491,Area di Servizio Scarmagno est 39
Sestriere,Piemonte,Bar Abba,3721582456,Piazzale Fraiteve 87
Torino,Piemonte,12th round,1466778782,Vimercate 68
Torino,Piemonte,Alla goccia!,3349809576,Corso San Maurizio 61/L
Torino,Piemonte,Al Montebello,3051585734,Via Montebello 67
Torino,Piemonte,Amaranto Bistrot,3343902801,Corso Alcide De Gasperi 43
Torino,Piemonte,Antica Torrefazione del Principe,3147953789,Via Tripoli 143
Torino,Piemonte,Aperhaus,3895101904,Corso Guglielmo Marconi 38
Torino,Piemonte,ARKI cafè,2899317057,Via Andrea Vochieri 2/D
Torino,Piemonte,Armstrong cafè,957908463,Via Gravere 173
Torino,Piemonte,Art Café,3147129805,Corso Alcide De Gasperi 25 D
Torino,Piemonte,Bar,3563452893,Romano Canavese 144
Torino,Piemonte,Bar 2 Corone,295340572,Alpignano 148
Torino,Piemonte,Bar Alice,538182706,Piazza Statuto 157
Torino,Piemonte,BArt Cafè,2014372855,Corso Guglielmo Marconi 13
Borgosesia,Piemonte,Arte del gusto,2436833714,Via Geometra Sesone 98
Livorno Ferraris,Piemonte,Bar Babi,3120357855,Castell'Apertole SP1
Serravalle Sesia,Piemonte,Aspide,2598852147,Via dei Ceri 145
Vercelli,Piemonte,Bar '900,2271596107,Via Elia Emanuele Foa 187
Vercelli,Piemonte,Bar Agorà,2421266127,Piazza Ernesto Zumaglini 4
Vercelli,Piemonte,Bar Al Barotto,2016857692,Corso Amedeo De Rege 16
Vercelli,Piemonte,Bar Al Solito Posto,2456491820,Via Riccardo Restano 123
Vercelli,Piemonte,Bar Ariston,2471588260,Corso Mario Abbiate 22
Vercelli,Piemonte,Bar Autolinee,1534307169,Piazza Roma 192
Vercelli,Piemonte,"Bar - Paninoteca """"La Voglia""""",2211335534,Via Luigi Lagrange 24
Bolzano Novarese,Piemonte,Bar ACLI,3579341138,Piazza del Volontariato 13
Dormelletto,Piemonte,Alice beach,2421640767,Via Leonardo da Vinci 186
Novara,Piemonte,49,2786211441,Corso Italia 49
Trecate,Piemonte,Bar Al Capolinea,2976400799,Via Antonio Gramsci 26
Barolo,Piemonte,Antico Caffé,1750901703,Via Acqua Gelata 67
Borgo San Dalmazzo,Piemonte,Bar 40,1514524726,Vicolo San Dalmazzo 154
Caraglio,Piemonte,Bar,2378321523,Via Roma 145
Cuneo,Piemonte,Arione,3773120013,Piazza Tancredi Galimberti 14
Cuneo,Piemonte,Baladin Cafè,2412584517,Piazza Foro Boario 102
Cuneo,Piemonte,Bar Atletica,1932859592,Olevano sul Tusciano 31
Pamparato,Piemonte,Bar Albergo Alpi),1779578030,Via Mulino 185
Pontechianale,Piemonte,Aury's Bar,1872476397,Rueite SP105
Asti,Piemonte,360° Café,1473008040,Corso Luigi Einaudi 86
Asti,Piemonte,Asti Caffè,1470915440,Corso Dante Alighieri 30
Asti,Piemonte,Bar Alfieri,1470915452,Via Palazzo di Città 120
Castagnole Delle Lanze,Piemonte,Bar,3462007726,Cremona 19
Alessandria,Piemonte,3 Bar's,3604599301,Spinetta Marengo 25
Alessandria,Piemonte,888,3640432679,Corso Carlo Marx 50
Alessandria,Piemonte,Ai due storti,1891575327,Via Milano 77
Alessandria,Piemonte,Alex Bar,3401522995,Via San Lorenzo 74
Alessandria,Piemonte,Alice's cofè,3401523088,Via Giuseppe Verdi 28/30
Alessandria,Piemonte,Angi Bar da Mimma,3401522997,Via Cavour 11
Alessandria,Piemonte,Aquarama Cafè,3640431725,Corso Acqui 28
Alessandria,Piemonte,Bar,3401523019,Via Niccolò Machiavelli 22
Alessandria,Piemonte,Bar 99,3604667793,Litta Parodi 99
Alessandria,Piemonte,Bar Alba,3595952317,Via Norberto Rosa 12
Alessandria,Piemonte,Bar Aurora,3587488452,Via Antonio Pacinotti 30
Belforte Monferrato,Piemonte,Autogrill Stura Ovest,963236893,Castelnovo ne’ Monti 37
Casale Monferrato,Piemonte,Babalù,1593874826,Via Facino Cane 161
Casale Monferrato,Piemonte,Bar Antico Caffè Pavia,998459292,Castelbellino 83
Castelnuovo Scrivia,Piemonte,Alemagna,3703635454,Castelnuovo Scrivia Ovest 52
Fabbrica Curone,Piemonte,Bar,2364851394,Ca' Bastardini SP100
Montechiaro D'Acqui,Piemonte,"Bar """"Della Stazione""""",1636821189,Via Nazionale 141
Montechiaro D'Acqui,Piemonte,"Bar """"Millennium""""",1636821226,Noceto 13
Quargnento,Piemonte,Bar,3199337341,Via Valente 167
Cogne,Valle d'Aosta,Anaïs Bar,2400501883,Frazione Lillaz 75
Cogne,Valle d'Aosta,"Bar """"La Clicca""""",1909860979,Frazione Valnontey 31
Emarese,Valle d'Aosta,Bar Area Picnic Colle Tzecore,1682128066,Strada per Colle Tzecore 10
Verres,Valle d'Aosta,Bar,1989609792,Via Circonvallazione 126
Verres,Valle d'Aosta,Bar Alpino,1349226743,Via Caduti per la Libertà 22
Camporosso,Liguria,Autoriparazioni Buelli,1315185362,Corso della Repubblica 148
Ceriana,Liguria,Asterix,745415817,Corso Italia 162
Imperia,Liguria,Agostino,472443891,Via Generale Manuel Belgrano 194
Perinaldo,Liguria,Au Gaggian,1706636338,Via Antonio Gramsci 13
Taggia,Liguria,Angela,3734739233,Via San Francesco 192
Ventimiglia,Liguria,Bagni Calandre Bartolo e Figli,2936809336,Sentiero per Le Calandre 150
Borgio Verezzi,Liguria,Aurelia Cafe,676294245,Via Aurelia 44
Pietra Ligure,Liguria,Airone Wine Bar,3579783393,Piazza San Nicolò di Bari 4
Sassello,Liguria,Alimentari Bar Badano P & C.,2393439136,Piazza Barbieri 3
Savona,Liguria,Artcioc,3894877159,Via Ambrogio Aonzo 7r
Savona,Liguria,Bar 2L,3421473406,Zevio 27
Vado Ligure,Liguria,Bar,1980479860,Via Piave 95
Arenzano,Liguria,Agip,975024753,Via di Francia 86
Borzonasca,Liguria,Bar - Pasticceria Macera,1771943760,Via Angelo Grilli 102
Camogli,Liguria,Bar Auriga,3882439968,147 - 148R 113
Camogli,Liguria,Bar Baby,2526779020,Via Venti Settembre 24
Campomorone,Liguria,Alcabar,2297512830,Via Alcide de Gasperi 10
Chiavari,Liguria,Bar Angle,3302496669,Via Giovanni Battista Prandina 8
Cogoleto,Liguria,Bar Andrea,3742658731,Via Cristoforo Colombo 124
Genova,Liguria,1000 e un gelato,1903080233,Via Teresio Mario Canepari 117
Genova,Liguria,104 rosso,2333185456,Via Pra' 119
Genova,Liguria,110 e lode,2362332669,9 rosso 48
Genova,Liguria,2 chiacchere al caffè,2788725233,Via Pietro Toselli 12
Genova,Liguria,88 Bar,2028670106,69 rosso 10
Genova,Liguria,8 Rosso,539099205,8 rosso 164
Genova,Liguria,Ai 3 Baby,1165435633,Via Tortosa 151
Genova,Liguria,Al Baretto,3988695809,38 rosso 139
Genova,Liguria,Al bistrot della piazza,3479699123,38 rosso 17
Genova,Liguria,Alma Cafè,3106123162,Salita San Matteo 92
Genova,Liguria,AmBarAdan,674857892,Via 25 aprile 1945 199
Genova,Liguria,American Bar Crazy Bull cafè,1704955758,Via Eustachio Degola 140
Genova,Liguria,Amici's Caffè,3787896445,Via Edmondo De Amicis 104
Genova,Liguria,Antica Caffetteria Cabona,1496310807,Lomazzo 195
Genova,Liguria,Antica Latteria Buonafede,3118365043,3 rosso 176
Genova,Liguria,Antico Caffè Cavour,3512000714,Via Guglielmo Oberdan 144
Genova,Liguria,Antico Caffè Laiolo,2393258240,21 rosso 197
Genova,Liguria,Autogrill,401434262,Area di Servizio Riviera Sud 108
Genova,Liguria,Babylon Cafè,912018226,Via Gaetano Colombo 183
Genova,Liguria,Balilla,1229227423,Ciambrin 4
Genova,Liguria,Balilla Cafè,3825154858,Via Venti Settembre 42
Genova,Liguria,Bambocchia Cafè,748288522,Via Giacomo Giovanetti 136
Genova,Liguria,Baobab,2300054939,Via Domenico Fiasella 87
Genova,Liguria,Bar 2000,910527322,Via Raffaele Pieragostini 53
Genova,Liguria,Bar 2001,2032779828,Via Umberto Bertolotti 121
Genova,Liguria,Bar 3 passi,1473038526,Corso Galliera 110
Genova,Liguria,Bar 50 rosso,3781263625,50 rosso 130
Genova,Liguria,Bar 74,1467011328,Piazza Palermo 99
Genova,Liguria,Bar Accademia,1613528049,9 rosso 148
Genova,Liguria,Bar Achille,2297335583,122 rosso 132
Genova,Liguria,Bar A due passi,945717681,Rocca Priora 2
Genova,Liguria,Bar Alba & Franco,2032681470,Via Cornigliano 25
Genova,Liguria,Bar Albero d'Oro,567163207,Piazza Terralba 165
Genova,Liguria,Bar Aldo,3007323058,Via Struppa 110
Genova,Liguria,Bar Al Varco,897151573,Piazza Cavour 22
Genova,Liguria,Bar Angelo,1578531384,Via Parma 97
Genova,Liguria,Bar Anna,3824982864,Via Egoli 2
Genova,Liguria,Bar Anna & Pino,1463002302,Trevi 152
Genova,Liguria,Bar Au Cafè,968677904,Via del Portello 56
Genova,Liguria,Bar Aurora,968944525,Corso Sardegna 82
Genova,Liguria,B. Cafè,2656229684,Montemurlo 43
Lavagna,Liguria,Albatros Bar,2373992228,Via del Molo 133
Savignone,Liguria,Al Vignone,3451307998,Piazza Italo Ghelfi (Già Piazza della Chiesa) 21
Framura,Liguria,Agua,2982368786,Framura Anzo
La Spezia,Liguria,Bar Atlantic,2542406110,Corso Nazionale 20
Besozzo,Lombardia,Aries,3939966331,Via Roncari 86
Biandronno,Lombardia,Bar 101 Cafè,1746048304,Via Roma 63
Bodio Lomnago,Lombardia,Bar Acquaviva,3743753129,Via Francesco Beltrami 101
Brinzio,Lombardia,Bar - Alimentari,2870412775,Ornago 82
Busto Arsizio,Lombardia,Ambaradam,3738251339,Piazza Alessandro Manzoni 143
Busto Arsizio,Lombardia,Antica Scuderia,2329573264,Casaluce 20
Busto Arsizio,Lombardia,Antico Bar degli Angeli,3735299042,Piazza Vittorio Emanuele Secondo 180
Busto Arsizio,Lombardia,Baby Bar,3738245736,Via Quintino Sella 74
Busto Arsizio,Lombardia,Bar Adua,3738218285,Piazza San Michele 3
Busto Arsizio,Lombardia,Bar - Gelateria,1309519892,Piazza Santa Maria 59
Busto Arsizio,Lombardia,B Bar,2323162435,Piazza Trento e Trieste 160
Carnago,Lombardia,Ashita-e,3793967889,Via Giacomo Matteotti 40
Cocquio-Trevisago,Lombardia,Alba,885286238,Via Milano 172
Gallarate,Lombardia,Artè Cafe,2736317175,Via Giuseppe Verdi 6
Gallarate,Lombardia,Bar Abba,2809775771,Piazza Francesco Buffoni 3
Mercallo,Lombardia,Azzurra Caffè,2206411164,Piazza Carlo Balconi 151
Ranco,Lombardia,Bandiera Gialla,3977633883,Fabbrico 62
Sesto Calende,Lombardia,Bar 77,3587962158,Via Angera 77
Varese,Lombardia,Albiati,927171108,Via Virgilio 12
Varese,Lombardia,Arnold's food bar,373366113,Correggio 17
Varese,Lombardia,A Tutta Birra,2783112646,Asiago 91
Cernobbio,Lombardia,Bar Azzurro,3032561933,Piazza Vittoria 174
Como,Lombardia,Al Baci Lounge,3655353817,Via Alessandro Manzoni 13
Como,Lombardia,Al Molo,1319310675,Lungo Lario Trieste 9
Como,Lombardia,Arte Dolce,1792950259,Via Cesare Cantù 36
Como,Lombardia,Baby café,1360138978,Via Francesco Anzani 195
Domaso,Lombardia,Ajò Drink & Food,3471720749,Via Regina 128
Lomazzo,Lombardia,Bar 13,2934328453,Via Rosales 154
Olgiate Comasco,Lombardia,Antica pasticceria siciliana,1895898241,Poggio a Caiano 110
Livigno,Lombardia,Al Zodiac,3801637196,Via Bondi 150
Morbegno,Lombardia,Bar,3148784829,Via Guglielmo Felice Damiani 189
Arese,Lombardia,Bar Apollo,1999659143,Via Giacomo Matteotti 14
Assago,Lombardia,Area Servizio Assago,606327820,Assago Ovest 7
Bollate,Lombardia,Bar,540704426,Via Trento 175
Bollate,Lombardia,Bar,540704426,Via Trento 13
Canegrate,Lombardia,Bahnhopf,2743471184,Via Volontari della Libertà 26
Cassano D'Adda,Lombardia,Anymore,836658564,Strada Provinciale 104 34
Cernusco Sul Naviglio,Lombardia,Astro Bar,1791606102,Spoltore 185
Cesate,Lombardia,Bar,539377546,Via Quattordicesima Strada 13
Cesate,Lombardia,Bar,1203771484,Via Quattordicesima Strada 121
Corbetta,Lombardia,Bar Atlantic,3955642505,Via Luigi Settembrini 37
Cormano,Lombardia,Antigua Cafè Gelateria,652933627,Via Ventiquattro Maggio 190
Cormano,Lombardia,Bar Amazonia,1133055309,Vicolo dei Fiori 27
Cormano,Lombardia,Bar Antica Privativa,1133055384,Via Molinazzo 177
Garbagnate Milanese,Lombardia,Bar,539377562,Via Alessandro Volta 161
Magenta,Lombardia,10 Avenue,2930160478,Via San Girolamo Emiliani 128
Magenta,Lombardia,Baci gelati,3460391612,Potenza Picena 158
Mediglia,Lombardia,Abramo,777977077,Via Orione 111
Milano,Lombardia,10 Corso Como,2724213431,Corso Como 10
Milano,Lombardia,150UP,3976155261,Via Medardo Rosso 16
Milano,Lombardia,20 - Twenty,1381690678,Via San Vito 10
Milano,Lombardia,ABBA,3371079460,Via Sant'Eufemia 108
Milano,Lombardia,Acli,2034364990,Via Conte Rosso 145
Milano,Lombardia,Agnello,2533998031,Via Giuseppe Pecchio 174
Milano,Lombardia,Al Bar,3147227478,Piazza Città di Lombardia 67
Milano,Lombardia,Albatros,1059124751,Via Teodosio 17
Milano,Lombardia,Alex,1896236885,Via Padova 87
Milano,Lombardia,Al Solito Posto,3655625009,Via Alessandro Volta 17
Milano,Lombardia,Amarcord,3476363728,Via Antonio Stradivari 84
Milano,Lombardia,American Bar,2516378859,Via Gaspare Aselli 73
Milano,Lombardia,Amico Bar Tabacchi,2850230287,Via Teodosio 125
Milano,Lombardia,Anche Ristorante Anche Bar,2479386550,Via Carmagnola 5
Milano,Lombardia,Andren Ros Casè,3989817017,Assoro 40
Milano,Lombardia,Andrew's bar,1721585042,Via Felice Cavallotti 163
Milano,Lombardia,Anna,3693549327,Piazzale Susa 182
Milano,Lombardia,Antica cremeria San Paolo al corso,3017653764,Piazza San Carlo 107
Milano,Lombardia,Antiche cibarie sulla strada,3025595208,Milazzo 189
Milano,Lombardia,Aquarius,540824133,Corso Sempione 49
Milano,Lombardia,Arcadia Caffe Self Service,935336545,Via Fatebenefratelli 99
Milano,Lombardia,Arcibaldo Bar,3338578019,Via Festa del Perdono 107
Milano,Lombardia,Area servizio Muggiano,606328602,Pinerolo 148
Milano,Lombardia,Area servizio Muggiano,606328612,Morbegno 29
Milano,Lombardia,Argonne Café,3058080339,Via Dalmazio Birago 77
Milano,Lombardia,Armani Cafè,2993628020,Via Croce Rossa 2
Milano,Lombardia,Arnold Coffee,1607530442,Via Festa del Perdono 1
Milano,Lombardia,Arnold Coffee - Mi Orefici,1607530434,San Fior di Sopra 149
Milano,Lombardia,Art Factory,1575722564,Viale Andrea Doria 17
Milano,Lombardia,Auld Bubliner,2656263534,Via Privata Levico 3
Milano,Lombardia,Autogrill,3059740634,Muggiano Est 186
Milano,Lombardia,Autogrill - Milano Silva,2270327291,Via Monte Bianco 54
Milano,Lombardia,Baby Bar,2012970299,Via Vallazze 178
Milano,Lombardia,Balubà,2540438679,Via Carlo Foldi 1
Milano,Lombardia,Bar,543398224,Via Milano 58
Milano,Lombardia,Bar,543404946,Via Milano 81
Milano,Lombardia,Bar,2670002615,Via Milano 6
Milano,Lombardia,Bar 2,1272557408,Via Giuseppe Ripamonti 60
Milano,Lombardia,Bar 668,2420690809,Molinella 127
Milano,Lombardia,Bar Alfa,3770134648,Viale Andrea Doria 14
Milano,Lombardia,Bar Arcobaleno,2647205746,Via Giuseppe Pecchio 162
Milano,Lombardia,Bar Atlantic,3105823467,Via Fratelli Castiglioni 13
Milano,Lombardia,BQ de Nott,2947244915,Via Dionigi Bussola 9
Paderno Dugnano,Lombardia,Bar Alexander,1739511734,Piazza della Meridiana 23
Rho,Lombardia,Arti Bar,3448768496,Via Magenta 77
San Donato Milanese,Lombardia,Aris Cafè,2159768634,Via Rodolfo Morandi 53
San Donato Milanese,Lombardia,Baby bar,3936068001,Via Giuseppe Di Vittorio 188
San Donato Milanese,Lombardia,Bar ACLI,1082047433,Via Piadena 186
San Donato Milanese,Lombardia,Bar Aurora,2189000129,Via Gaetano Salvemini 189
San Giuliano Milanese,Lombardia,American Bar,2373319554,Via Bezzecca 95
Santo Stefano Ticino,Lombardia,Arcadia,590001926,Via Milano 111
Sesto San Giovanni,Lombardia,Bar 77,452817993,Via Saint Denis 77
Sesto San Giovanni,Lombardia,Bar Atlantic,2542305696,Piazza Abramo Oldrini 67
Settimo Milanese,Lombardia,Bar '900,775689870,Via Remo Mereghetti 136
Settimo Milanese,Lombardia,Bar Angelo,2454272033,Via Vittorio Alfieri 19
Trezzano Sul Naviglio,Lombardia,80 voglia di..,3364242844,Piazza San Lorenzo 41
Trezzano Sul Naviglio,Lombardia,Adriano's,3368861723,Via Filippo Turati 12
Baranzate,Lombardia,ALEX BAR,3265430493,Via del Commercio 1
Baranzate,Lombardia,Bar,540699207,Via Milano 150
Alme',Lombardia,Al Portico,2059984196,Via Campofiori 158
Azzano San Paolo,Lombardia,3Bar's,890567968,Via Cremasca 22
Azzano San Paolo,Lombardia,Atmosfere Cafè,338559861,Via della Pace 167
Bergamo,Lombardia,A.I. Giardini di San Marco,1334353634,Piazzale della Repubblica 2
Bergamo,Lombardia,Bar,1780330743,Via Ventiquattro Maggio 53
Bergamo,Lombardia,Bar Aurora,1662286527,Via Pietro Ruggeri da Stabello 155
Bottanuco,Lombardia,Apple's Café,664002001,Via Papa Giovanni Ventitreesimo 173
Brusaporto,Lombardia,67,2461035759,Via Bagnatica 92
Gandellino,Lombardia,Bacco Tabacco e caffè,3393511504,Via Vittorio Emanuele 190
Lenna,Lombardia,Amadeus Bar,1599116335,Via Mauro Codussi 50
Lovere,Lombardia,Agazzi,1780815114,Piazza Giuseppe Garibaldi 157
Lovere,Lombardia,Arlecchino,670216836,Piazza XIII Martiri 199
Orio Al Serio,Lombardia,Autogrill,3417436087,Via Aeroporto 90
Pontida,Lombardia,Bar ACLI,1468087829,Campiglia Marittima 185
Ranica,Lombardia,BaRanga,3737572975,Via Gian Battista Adelasio 31
Santa Brigida,Lombardia,Bar 74,3610283212,Colla - Muggiasca SP8
Scanzorosciate,Lombardia,Bar,3659942834,Via Serenissima 27
Scanzorosciate,Lombardia,Bar,3659942835,Via Serenissima 139
Torre Boldone,Lombardia,Bar,1800860028,Via Borghetto 179
Torre Boldone,Lombardia,Bar,1800860029,Via Borghetto 94
Vilminore Di Scalve,Lombardia,Bar Astoria,1507844799,Leno 77
Anfo,Lombardia,Alla Spiaggetta,794865700,Via Calcaterra 13
Bagnolo Mella,Lombardia,Autogrill,420079020,Ghedi Est 68
Borno,Lombardia,Bar Aurora,3043611834,Via Vittorio Veneto 46
Bovezzo,Lombardia,Adry Bar,1588619715,Via Cesare Battisti 19
Brescia,Lombardia,Acquarium,2322227907,Veglie 132
Brescia,Lombardia,A Due Passi da Marte,2415810639,Via Vittorio Veneto 22
Brescia,Lombardia,Agorà caffè,1967278120,Piazzale Luigi Kossuth 47
Brescia,Lombardia,Al Bar,3668298047,Piazza della Loggia 12b
Brescia,Lombardia,Antico Caffè,3248455038,Via Guido Zadei 139
Brescia,Lombardia,Bar Acchiappasogni,3873952155,Montelupo Fiorentino 151
Brescia,Lombardia,Bar Antico Borgo,3354931527,Via Trento 27
Brescia,Lombardia,Bar Armando,1967278121,Via dello Stadio 114
Castenedolo,Lombardia,Al Parco,2209664906,Via Pietro Pisa 62
Chiari,Lombardia,Bar,3019852706,Viale Mellino Mellini 23
Chiari,Lombardia,Bar,3182691995,Viale Mellino Mellini 148
Chiari,Lombardia,Bar,3189733511,Viale Mellino Mellini 120
Desenzano Del Garda,Lombardia,Agorà,897026229,Piazza Giuseppe Malvezzi 10
Desenzano Del Garda,Lombardia,Almost Blue Café,2589883246,Via Palmiro Togliatti 1
Gottolengo,Lombardia,Antico caffè,2432098818,Via Giuseppe Garibaldi 121
Limone Sul Garda,Lombardia,Al Porto,1350419207,Via Porto 68
Lograto,Lombardia,Agorà,2381616365,Via Martiri della Libertà 52
Malonno,Lombardia,Bar Agorà,3709793634,Piazza della Repubblica 122
Malonno,Lombardia,Bar Alexander,3709888663,Via della Torre 195
Moniga Del Garda,Lombardia,Antico caffè,3767704863,Via Dante 92
Monte Isola,Lombardia,Ai Tre Archi,1744087138,Via dei Porti 194
Montichiari,Lombardia,Al Galeter,2772133539,Via Giuseppe Guerzoni 40
Montichiari,Lombardia,Aviogrill,2070513086,Cascina Geranio SP37
Pontoglio,Lombardia,Altrove 2.0,3675085501,Sant’Antonio Abate 39
Pozzolengo,Lombardia,Bar,1546120131,Via Giuseppe Mazzini 176
Rodengo-Saiano,Lombardia,Autogrill,2515983050,Piazza Cascina Moie 38
Rovato,Lombardia,Antinoo bar gelateria,2121223893,Via Franciacorta 70
San Felice Del Benaco,Lombardia,Arcobaleno,2813733496,Piazza Innocenzo Moniga 187
San Zeno Naviglio,Lombardia,Bar 25010,763451668,Via Armando Diaz 84
Sirmione,Lombardia,Artesole Cafè,1999955809,Via Verona 126
Tignale,Lombardia,Al Portichetto,1506353076,Piazza Umberto I° 2
Vestone,Lombardia,Bar Amici,3175578800,Via Giacomo Matteotti 1
Bagnaria,Lombardia,Bamboo Cafe,2523179660,Via Quattro Novembre 47
Linarolo,Lombardia,Auser Sempreverde,1521986400,Via Nobili 183
Voghera,Lombardia,Bar Al 51,3982430852,Via Bonfiglio Zanardi 39
Voghera,Lombardia,Bar Autoporto,2195094397,Largo Giulio Cesare Anselmi 7
Crema,Lombardia,Arci,2446138199,Via Bacchetta 60
Crema,Lombardia,ARCI Ombriano,2391459158,Via Lodi 162
Crema,Lombardia,Baby yogurt,1390242514,Via Mazzini 138
Ripalta Cremasca,Lombardia,900,2020298556,Cremona 64
Guidizzolo,Lombardia,Ai Cighi,3019923933,Priolo Gargallo 31
Mantova,Lombardia,Alessia,3157401908,Via Saverio Bettinelli 3
Mantova,Lombardia,Bar Agorà,2869086961,Soresina 189
Mantova,Lombardia,Bar Al Comune,2850397056,Via Roma 28
Ponti Sul Mincio,Lombardia,Bar,1243613103,Piazza Parolini 43
Roverbella,Lombardia,Bar,268411647,Via Guglielmo Marconi 165
Appiano Sulla Strada Del Vino,Trentino-Alto Adige,Bahnhofbar,3259564057,Bahnhofplatz - Piazza Stazione 1
Bolzano,Trentino-Alto Adige,Alan,2356986558,Viale Amedeo Duca d'Aosta - Amedeo-Duca-D'Aosta-Allee 164
Bolzano,Trentino-Alto Adige,Ariston Bingo,3034304867,Via Resia - Reschenstraße 31
Bolzano,Trentino-Alto Adige,Arma,2351168880,Via Werner Von Siemens - Werner-Von-Siemens-Straße 19
Bolzano,Trentino-Alto Adige,Banco 11,560078946,Piazza delle Erbe - Obstplatz 121
Bolzano,Trentino-Alto Adige,Bar Alex,1102976095,Via Tre Santi - Dreiheiligengasse 26
Bolzano,Trentino-Alto Adige,Bar Angolo 40,538830492,Via Damiano Chiesa - Damiano-Chiesa-Straße 85
Bolzano,Trentino-Alto Adige,Bar Aurora,538835096,Via Claudia Augusta - Claudia-Augusta-Straße 25
Brennero,Trentino-Alto Adige,Bar Anita,1473235359,Casale Monferrato 89
Bressanone,Trentino-Alto Adige,3fiori,496080624,Bäckergasse - Vicolo dei Fornai 3
Bressanone,Trentino-Alto Adige,Absolut,471632922,Albuingasse - Via S. Albuino 1/B
Bressanone,Trentino-Alto Adige,Adler,2430874884,Adlerbrückengasse - Via Ponte Aquila 170
Bressanone,Trentino-Alto Adige,Alberti,2398784172,Bahnhofstraße - Viale Stazione 145
Bressanone,Trentino-Alto Adige,Almatosa,1270490892,Altenmarktgasse - Via Mercato Vecchio 30
Bressanone,Trentino-Alto Adige,Art Café,923403999,Laubengalerie - Galleria Portici 50
Bressanone,Trentino-Alto Adige,Bacchus,2432692761,Laubendurchgang - Passaggio Portici 8
Bressanone,Trentino-Alto Adige,Bahnhofsbar,2431398443,Bahnhofplatz - Piazzale della Stazione 21
Bressanone,Trentino-Alto Adige,Bar Atrium,2429657285,Regensburger Allee - Viale Ratisbona 24
Brunico,Trentino-Alto Adige,"Bar """"ett?""""",2135209866,Gilmplatz - Piazza Gilm 73
Laces,Trentino-Alto Adige,Bahnhofsbar,717547392,Bahnhofstraße - Via Stazione 15
Malles Venosta,Trentino-Alto Adige,Bar Andrea Sonnenterasse,416658047,Staatsstraße - Via Nazionale 44
Salorno,Trentino-Alto Adige,Acquila Nera - Schwarzer Adler,1256720920,Diamante 52
Silandro,Trentino-Alto Adige,Alte Post,2503251421,Hauptstraße - Via Principale 86
Tesimo,Trentino-Alto Adige,"Am Anger, Eiscafé",768139565,Sarzana 159
Valdaora,Trentino-Alto Adige,Bacher,836103975,Peter-Sigmayr-Platz - Piazza Peter Sigmayr 163
Andalo,Trentino-Alto Adige,Bar BO,2364540527,Via don Faustino Tenaglia 7
Arco,Trentino-Alto Adige,Attico Caffè,2189080010,Via Santa Caterina 73
Bleggio Superiore,Trentino-Alto Adige,"Albergo Bar """"La Rosa""""",1843995236,Strada Provinciale 5 188
Bleggio Superiore,Trentino-Alto Adige,Al Castelliere,850582185,Strada Provinciale del Durone 21
Castelnuovo,Trentino-Alto Adige,Al vapore,2237889662,Via Trento 8
Cavalese,Trentino-Alto Adige,Alla Cascata,859545377,Pista Ciclabile Val di Fiemme e Fassa 139
Civezzano,Trentino-Alto Adige,Bar,277695052,Torchio SP83
Civezzano,Trentino-Alto Adige,Bar Alla Mochena,269354624,Strada Statale 47 della Valsugana 179
Cles,Trentino-Alto Adige,Bar,945470841,Via Eugenio Dallafior 96
Daone,Trentino-Alto Adige,Bar Alpino,2367894130,Via Re di Castello (già Via Dante) 68
Dro,Trentino-Alto Adige,Alla Piazza,1338487764,Piazza Repubblica 4
Fiera Di Primiero,Trentino-Alto Adige,Bar Aquila nera,1820559440,Piazza Cesare Battisti 29
Folgaria,Trentino-Alto Adige,Al Baito,2221799910,Strada Provinciale dei Francolini 27
Fornace,Trentino-Alto Adige,Bar Alla Valle,269349970,sentiero Nogarè-Valle Mtb 61
Giovo,Trentino-Alto Adige,Al Portec,2468231575,Via Principe Umberto 49
Lavis,Trentino-Alto Adige,Bar Acli,1870411537,Via Zanella 47
Levico Terme,Trentino-Alto Adige,Bar Al piccolo parco,800125238,Viale Lido 183
Levico Terme,Trentino-Alto Adige,BAR Buffet,1080452747,Piazzale Stazione 150
Padergnone,Trentino-Alto Adige,Art Cafè,973878273,Via Montagnola 54
Pergine Valsugana,Trentino-Alto Adige,Al Sole,419006406,Portolo SP8
Pergine Valsugana,Trentino-Alto Adige,Bar Agip,444363305,Strada Statale 47 della Valsugana 136
Pinzolo,Trentino-Alto Adige,Bar Arnica,304632785,Piazza Brenta Alta 119
Pinzolo,Trentino-Alto Adige,Bar Augusto,1945842880,Sant'Antonio di Mavignola SS239
Pozza Di Fassa,Trentino-Alto Adige,Bar Al Ponte,736750203,Piaza de Comun 1
Pozza Di Fassa,Trentino-Alto Adige,Bar Anny,724391083,Strada de Meida 44
Rovereto,Trentino-Alto Adige,Anteprima Cafè,3281714588,Via Dante Alighieri 27
Rovereto,Trentino-Alto Adige,Antico Caffè Rosmini,2485105716,Casalserugo 113
Rovereto,Trentino-Alto Adige,Art,2638106430,Via Libertà 87
Rovereto,Trentino-Alto Adige,Bacchus,2194699057,Gorizia 97
Rovereto,Trentino-Alto Adige,Bar Andreatta,3230336766,Via Roma 9
Rovereto,Trentino-Alto Adige,Bar Antares,1366734595,Parolari 180
San Michele All'Adige,Trentino-Alto Adige,Bar Andreis,1289151753,Via Postal 73
Storo,Trentino-Alto Adige,American bar,1562352514,Via Campini 178
Storo,Trentino-Alto Adige,American bar,1562352514,Via Campini 163
Telve,Trentino-Alto Adige,Art'è Bar,2612724707,Anghiari 31
Ton,Trentino-Alto Adige,Bar Al Molin,1514163386,Via Al Doss 3
Tonadico,Trentino-Alto Adige,Bar Al Lago,761561674,Percorso Escursionistico delle Muse Fedaie 106
Trento,Trentino-Alto Adige,Accademia,557169191,Vicolo Colico 6
Trento,Trentino-Alto Adige,Agorà,2367807122,Via Primo Maggio 100
Trento,Trentino-Alto Adige,Al Marinaio,3101758141,Via dei Marinai d'Italia 28
Trento,Trentino-Alto Adige,Al Porteghet,584849651,Passaggio Silvio Dorigoni 3
Trento,Trentino-Alto Adige,Antico Caffè Commercio,888452672,Mentana 197
Trento,Trentino-Alto Adige,Area Zuffo 31,3136338268,Strada Gardesana di Trento 42
Trento,Trentino-Alto Adige,Baccus,439912454,Piazza di Fiera 11
Trento,Trentino-Alto Adige,Bar,427836296,Torchio SP83
Trento,Trentino-Alto Adige,Bar 3 Portoni,432480281,Via Santa Croce 48
Trento,Trentino-Alto Adige,Bar 70,890516992,Via Monsignor Celestino Endrici 5
Trento,Trentino-Alto Adige,Bar Agip,438257270,Via del Ponte 57
Trento,Trentino-Alto Adige,Bar Alpino,1552328450,Strada di Spinéda 59
Trento,Trentino-Alto Adige,Bar Ariston,867439074,Maniago 157
Trento,Trentino-Alto Adige,Bar Ateneo,557197346,Via Don Giovanni Battista Zanella 3
Volano,Trentino-Alto Adige,ACLI bar,965098828,Via Roma 139
Comano Terme,Trentino-Alto Adige,Al Parco,509303538,Via della Masera 61
Comano Terme,Trentino-Alto Adige,Al Pont,702858552,Via C. Battisti 174
Ledro,Trentino-Alto Adige,Bar Azzuro,511220865,Via Alzer 43
Bardolino,Veneto,Alla Vecchia Osteria,1504359702,Piazza Betteloni 18
Bardolino,Veneto,Bar Alle Mura,835649797,Via Battisti 63
Brentino Belluno,Veneto,Area Servizio Adige Est,668642418,Quinzano d’Oglio 169
Garda,Veneto,Art Cafe,3930930647,Via Santo Stefano 1
Lazise,Veneto,Bar,600181201,Via Madonna 166
Legnago,Veneto,AmoreAromA,1747854062,Via Giacomo Matteotti 13
Nogarole Rocca,Veneto,Area Servizio Povegliano Est,668646377,Povegliano Est 6
Peschiera Del Garda,Veneto,Alle Vecchie Mura,385679294,Riviera Giosuè Carducci 104
Peschiera Del Garda,Veneto,Al Ponte,385661078,Via General Bonomi 194
Peschiera Del Garda,Veneto,Al Porto,735244298,Via Felice Cavallotti 51
Peschiera Del Garda,Veneto,Azzurra,2258465972,Via Monzambano 113
San Bonifacio,Veneto,Al dolcefreddo,2617232247,Pescara 142
San Bonifacio,Veneto,Baita Alpini,2173963652,Via Michelangelo 122
San Giovanni Lupatoto,Veneto,Absolute Cafè,447877957,Piazza Falcone 6
San Martino Buon Albergo,Veneto,37036,1870216179,Verona 7
San Martino Buon Albergo,Veneto,Al Cardinale,1854235211,Via Venti Settembre 136
Valeggio Sul Mincio,Veneto,Angel Bar,1879217978,Via Guglielmo Marconi 181
Verona,Veneto,900,3446688373,Via dei Mutilati 53
Verona,Veneto,Accademia,3447056364,Sommacampagna 173
Verona,Veneto,Alla Sorte,1389186899,Via Giacomo Barucchi 110
Verona,Veneto,Anselmi,3229682880,Badia Calavena 10
Verona,Veneto,Archivio,3446479388,Via Rosa 3/C
Verona,Veneto,Bar Arsenale,419187675,Piazza Arsenale 84
Villafranca Di Verona,Veneto,Bar,1261292979,Villafranca di Verona SS62
Villafranca Di Verona,Veneto,Bar - Pizzeria L'ancora,1262159678,Via Carlo Poma 47
Albettone,Veneto,Bar Alpino,3868594862,Via Ponte Botti 159
Arsiero,Veneto,Al Sole,1493334531,Via dei Longhi 80
Bassano Del Grappa,Veneto,101 caffè,3430474065,Via Roma 167
Bassano Del Grappa,Veneto,Ai 3 Scaini,1420838444,Pozzuolo del Friuli 103
Bassano Del Grappa,Veneto,Aim Bar,1508732798,Livigno 77
Bassano Del Grappa,Veneto,Al Contarini,1421772115,Via Bartolomeo Gamba 125
Bassano Del Grappa,Veneto,Alla Pergola,1492590694,Via Museo 13
Bassano Del Grappa,Veneto,Al Ponte Vecchio,1622051422,Vicolo Angarano 163
Bassano Del Grappa,Veneto,Antichi Sapori,2430315832,Via Passalacqua 122
Bolzano Vicentino,Veneto,Autogrill,664183961,Postumia Nord 87
Cassola,Veneto,Abricot wine bar,3037248420,Via Giuseppe Verdi 22
Cassola,Veneto,Al Confine,2275433985,Villa San Giovanni 76
Cassola,Veneto,Bar Aurora,1839669066,Piazza San Zeno 191
Costabissara,Veneto,Al Bivio,2275181567,"Rotatoria ""del Botteghino"" 177"
Fara Vicentino,Veneto,Bar 2000,1678142813,Sassuolo 51
Foza,Veneto,"Bar """"Tre Scioppi""""",571128886,Via Cornetta 19
Gallio,Veneto,Baita Pakstall,1267866480,Contrada Fontana 146
Isola Vicentina,Veneto,Alla Pesa,2061087953,Via Arasella 26
Malo,Veneto,Al Canton,2314469889,Via Martiri della Libertà 182
Malo,Veneto,Alla Vecchia Malo,895653624,Via Muzzana 54
Malo,Veneto,APHRODITE,3133540024,Via Brandellero 33
Monte Di Malo,Veneto,Bar - Bruschetteria,2621304615,Via Casare di Sopra 3
Noventa Vicentina,Veneto,Bar Ai Portici,3595129594,Piazza Quattro Novembre 154
Recoaro Terme,Veneto,Bar,2763875721,Viale Bonomini 29
Romano D'Ezzelino,Veneto,Al Parco,1528621460,Via Tenente Edoardo Velo 144
Rosa',Veneto,Anima,1411006217,Via Marsala 199
Rosa',Veneto,Bar 4 Strade,2083366794,Via Alessandro Manzoni 20
Santorso,Veneto,Al ponte,362801779,Via Quattro Novembre 79
Santorso,Veneto,Arci,1930134150,Via Malga Zonta 86
San Vito Di Leguzzano,Veneto,Bar Al Circolo,1837314212,Via San Gaetano 173
Schio,Veneto,Al Combattente,2769217734,Via San Leonzio 99
Schio,Veneto,Art Cafè,3742339761,Via Strasseggiare 33
Solagna,Veneto,Bar Alpi,2440338388,Via Quattro Novembre 89
Tezze Sul Brenta,Veneto,"Bar """"Il Panino""""",808670118,Via Nazionale 46
Thiene,Veneto,Bar Anna,1147613401,Via Trieste 159
Torrebelvicino,Veneto,Al Campanile,916937344,Via Silvio Pellico 80
Vicenza,Veneto,Bar,2272434872,Contrà Sella 59
Vicenza,Veneto,Bar,2704514033,Contrà Sella 31
Arsie',Veneto,Bar,600485827,Via Dante Alighieri 178
Arsie',Veneto,Bar,3071585803,Via Dante Alighieri 19
Belluno,Veneto,Al ponte,4018618051,Via Sant'Antonio 6
Chies D'Alpago,Veneto,Al Golosone,3539964285,Piazza Roma 185
Colle Santa Lucia,Veneto,Bar,3302940183,Strada Provinciale 251 della Val di Zoldo Val Cellina 184
Comelico Superiore,Veneto,Bar Alle Alpi,914028791,Via 6 Novembre 106
Feltre,Veneto,Bandalarga Cafe',2285989697,Via Borgo Ruga 5
San Vito Di Cadore,Veneto,Bar Antelao,3991018537,Via Costa 72
Sappada,Veneto,Baita Pineta,3950232351,Quarto d’Altino 148
Sedico,Veneto,Baby B Briciola,3730384707,Via Feltre 102
Longarone,Veneto,"Bar """"Ai Murazzi""""",2490781214,Via Roma 101
Asolo,Veneto,Bagoer,1866178441,Via Giorgione 178
Caerano Di San Marco,Veneto,Alle Buone Abitudini,1860526906,Via John Kennedy 192
Caerano Di San Marco,Veneto,"Bar """"Ae Poste""""",3439582427,Via Antonio Gramsci 11
Caerano Di San Marco,Veneto,Bar All'Angolo,1644018478,Via Monte Grappa 3
Caerano Di San Marco,Veneto,Bar Amico,1860526911,Via Stocco 116
Carbonera,Veneto,Al Lampion,2347925220,Via Filippo Corridoni 1
Casale Sul Sile,Veneto,Bar Alex & Max,667184728,Fabbrico 40
Castelfranco Veneto,Veneto,"Bar """"La Sveglia""""",1537095095,Via N. Melchiori 53
Cavaso Del Tomba,Veneto,Alla Filanda,1428265771,Via Guglielmo Marconi 130
Codogne',Veneto,Artur 's Bar,2420685382,Cadore-Mare 59
Cornuda,Veneto,Al Goto Bin Cafè,2083706041,Via La Valle 79
Fonte,Veneto,American bar,1420921843,Via Roma 59
Fonte,Veneto,Bar Amico,2221771154,Via Stocco 75
Giavera Del Montello,Veneto,Bar All'Angelo,1753755101,Via Schiavonesca 111
Istrana,Veneto,Al Koala,3840388292,Via Cesare Battisti 90
Mareno Di Piave,Veneto,Bar 2 Leoni,2299514409,Via Conti Agosti 163
Mogliano Veneto,Veneto,Anna la Gelateria Di Trevisa Anna,877037792,Via Guglielmo Marconi 3
Mogliano Veneto,Veneto,Bar Alle Stelle,806584162,Via Prà dei roveri 2E
Montebelluna,Veneto,Al Bacareto,1644324631,Piazza Monnet 96
Montebelluna,Veneto,A modo Mio,2309310531,Via Galileo Galilei 51
Montebelluna,Veneto,Antica Pasticceria Bernardi,1402453799,Piazza Guglielmo Marconi 19
Paese,Veneto,Ai tre Fucili - Haineken,1748958412,Occhiobello 92
Possagno,Veneto,Aurora,1403159377,Via Antonio Canova 99
Povegliano,Veneto,Bancarella,2155841729,Piazza San Matteo 120
Riese Pio X,Veneto,Alla Pesa,1792146457,Via Schiavonesca 166
Segusino,Veneto,Bar Alla Pesa,2975820332,Viale Italia 11
Sernaglia Della Battaglia,Veneto,Al Canton,2049456587,Via Passo Barca 190
Sernaglia Della Battaglia,Veneto,Ambaradan,2098399185,Via Piave 61/B
Villorba,Veneto,Angolo Bar,1932052156,Via Solferino 110
Volpago Del Montello,Veneto,Amamuà,2161214064,Via Schiavonesca Nuova 30
Chioggia,Veneto,Alta Marea,2317067712,Lungomare Adriatico 79
Chioggia,Veneto,BAR,1753767594,Via Umbria 132
Concordia Sagittaria,Veneto,Al Campisel,1878129155,Via Roma 87
Iesolo,Veneto,Aurora,2450508388,Piazza Aurora 8
Iesolo,Veneto,Bar Alla Rotonda,1947681860,Via Alessandro Manzoni 29
Mira,Veneto,Agrodolce,2005729925,Via Nazionale 308
Portogruaro,Veneto,All'Incrocio,1911740365,Via Fausta 199
Portogruaro,Veneto,Antico Bar Basso,1911687964,Viale Trieste 16
Scorze',Veneto,Bar Aurora,508932701,Via Moglianese 75
Venezia,Veneto,Ai 2 amici,567032029,Via Miranese 102
Venezia,Veneto,Ai 2 amici,567032029,Via Miranese 183
Venezia,Veneto,Ai Bisatei,3016776034,Campo San Bernardo 4
Venezia,Veneto,Al Bateo,3804560658,Fusina SP23
Venezia,Veneto,Alla Bragora,2964496690,Salizada San Antonin 3604
Venezia,Veneto,Al Parlamento,2785171261,Cannaregio 511
Venezia,Veneto,Approdo,3838956350,Calle Bressagio 139
Venezia,Veneto,Approdo,3838956350,Calle Bressagio 42
Venezia,Veneto,Bacaro Jazz,2249943781,San Marco 5546
Venezia,Veneto,Bacaro Quebrado,2997497336,Gallion 1107a
Venezia,Veneto,Bacaro Risorto,2955556194,(Castello) 4700 76
Venezia,Veneto,Bacaro Risorto,2955556194,(Castello) 4700 134
Venezia,Veneto,Bar,1362663331,Via Ettore Tito 171
Venezia,Veneto,Bar,1362663331,Via Ettore Tito 116
Venezia,Veneto,"Bar """"Mister Sandwich""""",3884049415,San Marco 5121
Albignasego,Veneto,2L snack bar,1589607607,Via Adriatica 27
Arqua' Petrarca,Veneto,Bar Alla Loggia,3974329183,Piazza San Marco 100
Boara Pisani,Veneto,Bar,2515184952,Via Curtatone 75 a
Cittadella,Veneto,Alla Stazione,2402957837,Piazzale della Stazione 5
Cittadella,Veneto,Al Terzo Tempo,3778486371,Viale dell'Industria 17
Cittadella,Veneto,"Bar """"Borsa""""",861368870,Piazza Luigi Pierobon 8
Cittadella,Veneto,"Bar """"da Mendo""""",831311828,Chiari 182
Codevigo,Veneto,Bar,1845288035,Via Roma 150
Codevigo,Veneto,Bar Al Ponte,3611115046,Via P. Damini 100
Este,Veneto,20 10,951396731,Via Giacomo Matteotti 30
Este,Veneto,Atestina,1711911634,Via Principe Umberto 12
Este,Veneto,Bar Al Canton,1711911647,Via Camillo Benso Conte di Cavour 1
Fontaniva,Veneto,Bar 8 Eight,3619516091,Via Martiri delle Foibe 1
Fontaniva,Veneto,"Bar """"Alla Madonnina""""",846058882,Via Barina 7
Fontaniva,Veneto,"Bar """"Al solito posto""""",836168654,Via Dante 73
Fontaniva,Veneto,"Bar """"da Fogae""""",851572130,Via Casoni 98
Limena,Veneto,Bar,2725119339,Piazza Diaz 72
Loreggia,Veneto,Bacò,2444436508,Piazza Papa Luciani 11
Loreggia,Veneto,Bar,2632085922,Via Maestro Antonio Ceccon 169
Merlara,Veneto,Bar ACLI,2756829103,Via Guglielmo Marconi 178
Padova,Veneto,Antico Forno,3398169091,Via Altinate 81
Padova,Veneto,Arze Bar,2633416512,Voltabarozzo 130
Padova,Veneto,Baessato Padova,442872482,Largo Europa 14
Padova,Veneto,Bakarà,1503764270,Piazza dei Signori 9
Padova,Veneto,Bar,2522378801,Vicolo Michelangelo Bonarroti 175
Padova,Veneto,Bar Al Municipio,2522335157,Via del Municipio 8
Padova,Veneto,"Bar """"Al Tranquillino""""",1121656126,Sottopasso Pedonale Ponte della Stua 144
Saletto,Veneto,Art Cafè,1200202466,Via Venti Settembre 10a
Rosolina,Veneto,Albarella Shop / Internet-Point,298336536,Bagnara Calabra 86
Rovigo,Veneto,3bar's,1112439120,Manfredonia 168
Rovigo,Veneto,Alkimia,825949719,Capranica 41
Aiello Del Friuli,Friuli-Venezia Giulia,Bar Antico Borgo,553154317,Via Giuseppe Garibaldi 166
Amaro,Friuli-Venezia Giulia,Alla Frasca,1299473040,Via Roma 9
Aquileia,Friuli-Venezia Giulia,Bar Agli Scavi,769998529,Via patriarca Popone 61
Bagnaria Arsa,Friuli-Venezia Giulia,Al Taj,668575000,Trattoria 157
Basiliano,Friuli-Venezia Giulia,Alla Vecchia Pesa,1322421625,Piazza Tre Novembre 141
Bicinicco,Friuli-Venezia Giulia,Al Ribalton,672967558,Via Roma 140
Campoformido,Friuli-Venezia Giulia,Al Trattato,2545234889,Via Pietro Zorutti 197
Campoformido,Friuli-Venezia Giulia,Bar,2545249469,Via Roma 136
Cervignano Del Friuli,Friuli-Venezia Giulia,All'Alpino,2157084325,Via Giuseppe Garibaldi 52
Cervignano Del Friuli,Friuli-Venezia Giulia,Al Portico,2157165322,Via Giuseppe Garibaldi 4
Cervignano Del Friuli,Friuli-Venezia Giulia,A Modo mio,521794128,Piazza Indipendenza 71
Cervignano Del Friuli,Friuli-Venezia Giulia,Ausa,2157084326,Rotonda del Taglio 148
Cividale Del Friuli,Friuli-Venezia Giulia,All'Arsenale,3369363789,Piazza Dante Alighieri 9
Cividale Del Friuli,Friuli-Venezia Giulia,Alle Antiche Mura,2125977962,Via Pietro Zorutti 2
Cividale Del Friuli,Friuli-Venezia Giulia,Al pellegrino,357333330,Via Carraria 100
Cividale Del Friuli,Friuli-Venezia Giulia,Bar Ai Buoni Amici,2141281602,Via Borgo San Pietro 91
Cividale Del Friuli,Friuli-Venezia Giulia,Bar Al Borgo,2141281230,Via Carlo Alberto 45
Codroipo,Friuli-Venezia Giulia,Alpino,457161476,Via Giovanni Battista Candotti 133
Faedis,Friuli-Venezia Giulia,Bar Al Telefono,2169223394,Piazza Primo Maggio 158
Gemona Del Friuli,Friuli-Venezia Giulia,Al Duomo,1237015601,Longiano 150
Gemona Del Friuli,Friuli-Venezia Giulia,Al Nazionale,3551522087,Via Carlo Caneva 99
Gemona Del Friuli,Friuli-Venezia Giulia,Atlantis,2295160443,Via Velden 45
Gemona Del Friuli,Friuli-Venezia Giulia,Bar ACLI,1028218965,Via Val di Fiemme 7
Lignano Sabbiadoro,Friuli-Venezia Giulia,Alexander,2899340994,Via Udine 147
Moimacco,Friuli-Venezia Giulia,Angel Bar,2135718850,Via Roma 36
Pasian Di Prato,Friuli-Venezia Giulia,Al Tucano,1768077129,Via Beorchia 148
Povoletto,Friuli-Venezia Giulia,Ai Reduci,2196530617,Via Roma 126
Ragogna,Friuli-Venezia Giulia,Al Ponte,2280982630,Via al Ponte 130
Rigolato,Friuli-Venezia Giulia,Bar Alle Belle Arti,1540327062,Via della Repubblica 26
San Daniele Del Friuli,Friuli-Venezia Giulia,Al Michelaccio,1803694586,Piazza Vittorio Emanuele 26
Santa Maria La Longa,Friuli-Venezia Giulia,Alla Fermata,616107526,Piazza Primo Maggio 172
Santa Maria La Longa,Friuli-Venezia Giulia,Alla Ferrovia,616107528,Via Zompicco 15
Sauris,Friuli-Venezia Giulia,Al Centro Bar & Sport,2599764357,Località Velt SP73
Sedegliano,Friuli-Venezia Giulia,Alle sorelle,2580510108,Via Nazionale 136
Stregna,Friuli-Venezia Giulia,Alla Rosa dei Venti,355555982,Frazione Tribil Superiore 191
Sutrio,Friuli-Venezia Giulia,Bar Arvenis,2252717288,Piazza Quattro Novembre 168
Tarvisio,Friuli-Venezia Giulia,Bar Adriatico,1960281798,Via Roma 59
Tavagnacco,Friuli-Venezia Giulia,Agli Amici,1717479499,Via Ribis 12
Tricesimo,Friuli-Venezia Giulia,Al Alpino,1697838033,Via Ippolito Nievo 76
Tricesimo,Friuli-Venezia Giulia,Al Cacciatore,1681607323,Via Sant'Antonio 167
Tricesimo,Friuli-Venezia Giulia,Alle Belle Arti,1681615853,Via Cividale 82
Tricesimo,Friuli-Venezia Giulia,Al Moro,1681607338,Piazza Giuseppe Garibaldi 171
Udine,Friuli-Venezia Giulia,Ai Due Mori,763102360,Via Cividale 34
Udine,Friuli-Venezia Giulia,Alla Tarvenetta,1120210680,Via Cividale 92
Udine,Friuli-Venezia Giulia,Alla Vecchia San Marco,2261410769,Via Aonez 36
Udine,Friuli-Venezia Giulia,Al Portello,1738097084,Portico della Vitrum 112
Udine,Friuli-Venezia Giulia,American Bar,1014834121,Via Cividina 75
Udine,Friuli-Venezia Giulia,Andaloro,3202664961,Via Pradamano 194
Udine,Friuli-Venezia Giulia,Bar,3637009605,In@natura - valle del cormor 47
Udine,Friuli-Venezia Giulia,Bar Alle Grazie,3118489187,Via Pracchiuso 11a
Udine,Friuli-Venezia Giulia,Bar Americano,702460973,Piazza della Libertà 7
Udine,Friuli-Venezia Giulia,BCS Bar Centro Studi,1241049178,Viale Leonardo da Vinci 73
Udine,Friuli-Venezia Giulia,BDF - Bar di Fronte,1424011267,Viale Leonardo da Vinci 112
Venzone,Friuli-Venezia Giulia,Bar Alle Volte,1576509189,Via Mistruzzi 151
Villa Santina,Friuli-Venezia Giulia,Bar,2545276706,Via della Libertà 196
Cormons,Friuli-Venezia Giulia,Bar Al Campanile,527301900,Piazza Ventiquattro Maggio 148
Fogliano Redipuglia,Friuli-Venezia Giulia,Al Carso,2566691632,Via Redipuglia 69
Gorizia,Friuli-Venezia Giulia,Al Baretto,528607146,Via Vittorio Veneto 64
Gorizia,Friuli-Venezia Giulia,Al Pomo d'Oro,2118515014,Viale Venti Settembre 138
Gorizia,Friuli-Venezia Giulia,Al Rifugio,2627169326,Via Udine 105 B
Gorizia,Friuli-Venezia Giulia,Bar 7340,3350313467,Marsala 178
Gorizia,Friuli-Venezia Giulia,Bar Al Corso,447044096,Corso Italia 46
Gorizia,Friuli-Venezia Giulia,Bar Alibi,528853658,Avellino 131
Gorizia,Friuli-Venezia Giulia,Bar Alla Passerella,513937392,Via San Giusto 85
Gorizia,Friuli-Venezia Giulia,Bar Al Mercato,447545771,Corso Giuseppe Verdi 24
Gorizia,Friuli-Venezia Giulia,Bar Al Municipio,2612877162,Via Giuseppe Garibaldi 20
Gorizia,Friuli-Venezia Giulia,Bar Aquileia,443041363,175/177 181
Mariano Del Friuli,Friuli-Venezia Giulia,Autobar,591728671,Via Alessandro Manzoni 66
Monfalcone,Friuli-Venezia Giulia,Bar Aris,2428002538,Via Aris 81
Monfalcone,Friuli-Venezia Giulia,"Bar """"La Poma""""",2428002537,Via Aris 53
Sagrado,Friuli-Venezia Giulia,Aldebaran Bar,591728634,Via Acquedotto 188
San Lorenzo Isontino,Friuli-Venezia Giulia,Bar Al Commercio,548576927,Piazza Montesanto 174
Villesse,Friuli-Venezia Giulia,Bar ACLI,3661181282,Via Roma 2
Duino-Aurisina,Friuli-Venezia Giulia,Bar Al viale,3313151663,Aurisina Stazione / Nabrežina Postaja 4
Muggia,Friuli-Venezia Giulia,Alle Statue,3384166195,Via Flavia di Stramare 129a
Muggia,Friuli-Venezia Giulia,"Bar """"al blocco""""",3329807687,Località Rabuiese 59
Trieste,Friuli-Venezia Giulia,Altin,1569158264,Via Giosuè Carducci 120
Trieste,Friuli-Venezia Giulia,Amigos,283696375,Largo Santorio Santorio 113
Trieste,Friuli-Venezia Giulia,Bar Alex,298465072,Strada di Fiume 142
Trieste,Friuli-Venezia Giulia,Bar Alle Torri,2682584839,Via Raimondo Battera 181
Trieste,Friuli-Venezia Giulia,Bar Andre,2226175152,Santa Croce / Križ 470d
Trieste,Friuli-Venezia Giulia,Bar A.R.A.C.,629227022,Piazzale Ave Ninchi 38
Trieste,Friuli-Venezia Giulia,Bar Audace,298373862,Riborgo 49
Trieste,Friuli-Venezia Giulia,Bar Avant Garde,2151178725,Via Giacomo Matteotti 4
Trieste,Friuli-Venezia Giulia,"Bar """"Baby""""",304190372,Via Udine 96
Trieste,Friuli-Venezia Giulia,"Bar """"Condor""""",298368077,Scala al Belvedere 153
Trieste,Friuli-Venezia Giulia,Bar ''Junior'',1818960329,Via Pier Paolo Vergerio 59
Trieste,Friuli-Venezia Giulia,Bar & Lounge,1620381485,Strada della baia 25
Trieste,Friuli-Venezia Giulia,"Bar """"Lucio""""",268200573,Strada del Friuli 139
Trieste,Friuli-Venezia Giulia,"Bar """"Tartini""""",268200626,Via Martiri della Libertà 193
Trieste,Friuli-Venezia Giulia,Bar ''Unione'',298464536,Via del Ghirlandaio 77
Vernasca,Emilia-Romagna,Alpino,3853585453,Strada di Genova 131
Parma,Emilia-Romagna,Aquolina,391647833,Viale Mentana 23
Solignano,Emilia-Romagna,Alba,2465432683,Strada Marena Specchio 31
Varano De'Melegari,Emilia-Romagna,Angel's bar,1932434006,Viazzano SP28
Carpineti,Emilia-Romagna,Bar 101,2639820366,Via Strada Statale n. 63 del Valico del Cerreto 136
Casalgrande,Emilia-Romagna,"Bar """"del Conte""""",2128161891,Via Karl Marx 16
Castellarano,Emilia-Romagna,Amnesia cafè,2128921679,Via Ada Negri 198
Castelnovo Ne'Monti,Emilia-Romagna,Agip Bar,1944270533,Via Risorgimento 133
Reggiolo,Emilia-Romagna,Bar Aquila Nera,1886871137,Via Trieste 8
Reggio Nell'Emilia,Emilia-Romagna,Amo Café,3968318019,Via Vincenzo Ferrari 83
Reggio Nell'Emilia,Emilia-Romagna,Bar 7000 caffè,3918348121,Te 24/24 105
Reggio Nell'Emilia,Emilia-Romagna,Bar ACLI,1755081434,Ciclovia 12 158
Scandiano,Emilia-Romagna,Ba Mazzini,3927396694,Scandiano centro 193
Villa Minozzo,Emilia-Romagna,Asprella Saloon,1868449647,Via Lama Golese 143
Villa Minozzo,Emilia-Romagna,Bar Ancora d'oro,1904191445,Via Caduti di Gatta 6
Castelfranco Emilia,Emilia-Romagna,ARCI,878621224,Via Nazario Sauro 55
Castelnuovo Rangone,Emilia-Romagna,BAR Deborah,2628572388,Via Eugenio Zanasi 85
Castelvetro Di Modena,Emilia-Romagna,BAR 3001,2628577745,Via della Costituzione 15
Fiorano Modenese,Emilia-Romagna,Apemaia Caffè,2107355604,Grazzanise 26
Frassinoro,Emilia-Romagna,Alpino,3077432527,SP486R 108
San Cesario Sul Panaro,Emilia-Romagna,Bar,2628598364,Via Loda 190
Spilamberto,Emilia-Romagna,Artigiano,2628359766,Via dei Marmorari 123
Spilamberto,Emilia-Romagna,Bar,2628584972,Via Vignolese 69
Spilamberto,Emilia-Romagna,BAR Ergastolo,2628584795,SP569R 192
Spilamberto,Emilia-Romagna,BAR Laghi Macchioni,2628594871,Via Modenese 116
Vignola,Emilia-Romagna,Bar 3001,1474685071,Via Don Minzoni 119
Vignola,Emilia-Romagna,Bar Alexander,2628798489,Via della Resistenza 104
Bologna,Emilia-Romagna,Absolute Cafe,2941506891,Via Giuseppe Petroni 1/2b
Bologna,Emilia-Romagna,Alle Tuate,3606710678,Via San Vitale 56
Bologna,Emilia-Romagna,Almetti,3190943580,Via Stalingrado 29
Bologna,Emilia-Romagna,Altotasso,3645643530,Piazza San Francesco 6
Bologna,Emilia-Romagna,Antica Bologna,3606709955,Via San Vitale 88
Bologna,Emilia-Romagna,Antico Caffè Biondi,1788481598,Via della Beverara 1
Bologna,Emilia-Romagna,Antico Caffe Scaletto,3645734972,Via Ugo Bassi 3/A
Bologna,Emilia-Romagna,Arisbar,3606779801,Via San Vitale 2g
Bologna,Emilia-Romagna,Art Cafè Toffee,2942598054,Via Antonio Zanolini 3
Bologna,Emilia-Romagna,Asso di Cuori,3184723335,Via San Donato 6a
Bologna,Emilia-Romagna,Avala,3682904752,Via Francesco Cavazzoni 179
Bologna,Emilia-Romagna,Aziz Drinks,3606867948,Via Giuseppe Petroni 25
Bologna,Emilia-Romagna,Balanzone,3099600409,Via Giuseppe Petroni 22c
Bologna,Emilia-Romagna,Bambi,2942639810,Via San Vitale 126
Bologna,Emilia-Romagna,Bar,3100479736,Via Emilia Ponente 53
Bologna,Emilia-Romagna,Bar,2942675253,Via Emilia Ponente 28
Bologna,Emilia-Romagna,Bar 2° M. M.,3538173467,Tangenziale delle Biciclette 54
Bologna,Emilia-Romagna,Bar 48,3982181508,Via delle Belle Arti 48d
Bologna,Emilia-Romagna,Bar 81,3407068193,Modugno 172
Bologna,Emilia-Romagna,Bar 84,3637073745,Via del Borgo di San Pietro 65
Bologna,Emilia-Romagna,Bar Angolo,1195852080,Via Andrea Costa 9
Bologna,Emilia-Romagna,Bar Asso,1112926973,Via Alessandro Guidotti 49
Calderara Di Reno,Emilia-Romagna,Bar,271209685,Calderara di Reno Lippo
Casalfiumanese,Emilia-Romagna,Bar Aurora,2429247860,Via Sillaro 54
Imola,Emilia-Romagna,Ai giardini,2499733756,Via Felice Orsini 16/A
Imola,Emilia-Romagna,Al Bricco,2821572646,Via Emilia 48
Imola,Emilia-Romagna,Bar 2 Colonne,803446773,Via Appia 3
Imola,Emilia-Romagna,Bar Bacchilega,2823201327,Via Emilia 167
Comacchio,Emilia-Romagna,Angolo della Bocca,3075299802,170/172 87
Comacchio,Emilia-Romagna,"Bar """"Carla""""",3368091395,Monteforte d’Alpone 66
Ferrara,Emilia-Romagna,"Antico Cafè""""",2628525929,Vicolo Cornuda 139
Ferrara,Emilia-Romagna,"Arlecchino"""" Brasserie",2552300966,Piazza San Giorgio 49
Ferrara,Emilia-Romagna,"Avanguardia Lounge Bar""""",3685632095,Via Borgo dei Leoni 56
Ferrara,Emilia-Romagna,"Bar """"4S""""",2628522457,Corso Martiri della Libertà 56
Ferrara,Emilia-Romagna,Bar 99,3161517893,Via Pomposa 100
Ferrara,Emilia-Romagna,"Bar """"Al Doro""""",2250618409,Via Padova 94
Ferrara,Emilia-Romagna,"Bar """"Alessio""""",2199895788,Via Ortigara 138
Ferrara,Emilia-Romagna,"Bar """"Alkimia""""",2297489084,Via Carlo Mayr 30
Ferrara,Emilia-Romagna,Bar Aroldo,2313205095,Via Boccaleone 67
Ferrara,Emilia-Romagna,Bar Astoria,2297558978,Viale Cavour 190
Ferrara,Emilia-Romagna,"Bar """"Blue Eyes""""",3372942853,Via Leonello Poletti 127
Ferrara,Emilia-Romagna,"Bar """"Borgoleoni""""",3685632096,Via Borgo dei Leoni 97
Ferrara,Emilia-Romagna,"Bar """"Caffè Ristretto""""",2297473451,Via Bologna 58
Ferrara,Emilia-Romagna,"Bar """"Capitol""""",1250313234,Via Giuseppe Garibaldi 13
Ferrara,Emilia-Romagna,"Bar """"Condor""""",2314289023,Via Carlo Mayr 177
Ferrara,Emilia-Romagna,"Bar """"Continental""""",965995666,Via delle Scienze 189
Ferrara,Emilia-Romagna,"Bar """"Gallery""""",2628950982,Largo Castello 136
Ferrara,Emilia-Romagna,"Bar """"GiZeta""""",3686570794,Via Bologna 52
Ferrara,Emilia-Romagna,"Bar """"Incontro""""",2657303837,Via Bologna 22
Ferrara,Emilia-Romagna,BAR ITALIA,2768987215,Via Bologna 120
Ferrara,Emilia-Romagna,"Bar """"La Bussola""""",2279786256,Via Teresa De Carli Patrignani 94
Ferrara,Emilia-Romagna,"Bar """"La Sosta""""",3679370091,Via Arginone 183
Ferrara,Emilia-Romagna,"Bar """"Mazzini""""",1250396526,Via Giuseppe Mazzini 91
Ferrara,Emilia-Romagna,"Bar """"Mordi e fuggi""""",3684126043,Via del Mercato 153
Ferrara,Emilia-Romagna,"Bar """"Pan e Cafè""""",3685512365,Via Comacchio 195
Ferrara,Emilia-Romagna,"Bar """"Piave""""",2297558966,Corso Piave 102
Ferrara,Emilia-Romagna,"Bar """"Putinati""""",2297593066,Via Mambro 72
Ferrara,Emilia-Romagna,"Bar """"Royal""""",966023369,Via Vignatagliata 192
Ferrara,Emilia-Romagna,"Bar """"San Giusto""""",3684105221,Viale Cavour 173
Ferrara,Emilia-Romagna,"Bar """"Santos""""",3684097713,Piazza Trento e Trieste 57
Ferrara,Emilia-Romagna,"Bar """"Scandiana""""",2279786252,Via Scandiana 112
Ferrara,Emilia-Romagna,"Bar """"Stella""""",3686612321,Corso Porta Mare 133
Ferrara,Emilia-Romagna,"Bar """"Teatro Nuovo""""",3684097712,Piazza Trento e Trieste 88
Ferrara,Emilia-Romagna,"Bar """"Tiffany""""",2262365286,Piazza del Municipio 106
Ferrara,Emilia-Romagna,"Bar """"Tramezzino""""",2628942615,Via San Romano 129
Ravenna,Emilia-Romagna,544,701377855,Emilia-Romagna 28
Ravenna,Emilia-Romagna,Bagno Bellavista,765971165,Via della Fontana 80
Ravenna,Emilia-Romagna,Bagno Waimea n. 14,2376839997,Viale delle Nazioni 72
Solarolo,Emilia-Romagna,Autogrill,1359333510,Santerno est 67
Solarolo,Emilia-Romagna,Autogrill,3041533946,Santerno est 16
Cesena,Emilia-Romagna,Bar Alfero,2323192523,Via Emilia Ponente 382
Forli',Emilia-Romagna,Bar Amici Miei,1715999344,Viale Roma 86
Forli',Emilia-Romagna,"Bar """"Stefano""""",1115870863,Viale Domenico Bolognesi 131
Forlimpopoli,Emilia-Romagna,Artusi Cafè,1928547164,Piazza Giuseppe Garibaldi 143
Forlimpopoli,Emilia-Romagna,Bar Agip,727679859,Via Circonvallazione 155
Santa Sofia,Emilia-Romagna,Alpen - Bar,1828782819,Strada Provinciale 4 del Bidente 33
Santa Sofia,Emilia-Romagna,Alpen - Bar,1828782819,Strada Provinciale 4 del Bidente 6
Savignano Sul Rubicone,Emilia-Romagna,Autogrill,1359278046,Area di servizio Rubicone Est 29
Sogliano Al Rubicone,Emilia-Romagna,Bar,2870853862,Via Palmiro Togliatti 175
Verghereto,Emilia-Romagna,Appennino,2426117237,Via Nuova 96
Verghereto,Emilia-Romagna,Bar,2426095767,Via Nuova 169
Acqualagna,Marche,AREA 51,3858740358,Via Pitino Mergente 136
Acqualagna,Marche,Attimo Divino,3856445721,Piazza Enrico Mattei 22
Fano,Marche,Airport Cafe,1490290853,Via Federico Confalonieri 31
Fossombrone,Marche,Astor Bar,3741923974,Via 4 Novembre 15
Mondolfo,Marche,Autogrill,1359157077,Area di servizio Metauro est 114
Mondolfo,Marche,Bar Al Solito Posto,2870878744,Via Camillo Benso Cavour 159
Pergola,Marche,Anna Bar,2295317553,Viale Martiri della Libertà 74
Pesaro,Marche,Bacillieri gelateria,1875633628,Piazza Europa 157
San Lorenzo In Campo,Marche,Balu' Bar,3700801807,Viale Regina Margherita 69
Ancona,Marche,31.12 Any Hour,1000475962,Piazza del Plebiscito 22
Ancona,Marche,Agrodolce,780713930,Piazza Roma 14
Ancona,Marche,Alla Tazza d'Oro,2805096254,Corso Giuseppe Mazzini 89
Ancona,Marche,Al vecchio caffè,1331732467,Via Flaminia 378A
Ancona,Marche,Archi Bar,1804527750,Via Circonvallazione 140
Ancona,Marche,Bar Adriatico,1260345648,Via Musone 11
Ancona,Marche,Bar Agraria - Sirio spa,637004900,Via Pietro Ranieri 182
Ancona,Marche,Bar Ancona,712778976,Corso Giuseppe Mazzini 116
Ancona,Marche,Bar Andrea,1775568147,Piazzale Medaglie d'Oro 91
Ancona,Marche,Bar Aule Sud - Sirio spa,637004901,Strada di Monte d'Ago 187
Ancona,Marche,Bar Bac,665605904,Via Ventinove Settembre 2H
Ancona,Marche,B-side,1574996748,Corso della Repubblica 150
Barbara,Marche,BAR TABACCHI MASSI GIORGIA,3047389934,Via Vittorio Veneto 93
Camerano,Marche,Alex Bar,2501972629,Via delle Terme 95
Camerano,Marche,BB Bar Bosco,2108087524,Via Loretana 194
Castelplanio,Marche,Bar Arcobaleno,1561699738,Via Giuseppe Di Vittorio 102
Fabriano,Marche,American Bar,1197833102,Via Dante Alighieri 71
Falconara Marittima,Marche,Autogrill,1313533139,Eni Sanzio Ovest 86
Osimo,Marche,Ambarabar,357537382,Via Aldo Moro 11
Osimo,Marche,AxiBar,351818681,Via Vescovara 96
Sirolo,Marche,American Bar,836234278,Via Coppo 32
Belforte Del Chienti,Marche,Agamennoni Luciano,1407039887,Via Nazionale 7
Belforte Del Chienti,Marche,Agorà Wine Bar,1407018706,Via Nazionale 181
Camerino,Marche,Bar,2390804453,Via Madonna delle Carceri 91
Cingoli,Marche,"Bar """"La Sosta""""",2261519196,Strada Provinciale Cingolana 87
Civitanova Marche,Marche,B & G,2323146110,Viale Luigi Einaudi 256
Fiastra,Marche,Bar,1863087822,Via circonvallazione del lago 26
Macerata,Marche,Almalù,527458605,Viale Indipendenza 16
Macerata,Marche,Bar 74,2859973273,Via Ghino Valenti 134
Sant'Angelo In Pontano,Marche,"Bar """"dei personaggi""""",2715428627,Via Piave 89
Ascoli Piceno,Marche,Al buon caffè,938924470,Galleria Alesi 78
Ascoli Piceno,Marche,Alcocotà,1396602798,Via Dino Angelini 64B
Ascoli Piceno,Marche,Annunziata Cafè,1402328390,Via del Trivio 56
Ascoli Piceno,Marche,Archicafè,1868077786,Viale della Rimembranza 114
Ascoli Piceno,Marche,Arlecchino Enoteca Wine bar,690737637,Via Erasmo Mari 30
Ascoli Piceno,Marche,Babbo's bar,610647850,Via Bengasi 4
Ascoli Piceno,Marche,Backstage,637957473,Piazza del Popolo 50
Ascoli Piceno,Marche,Bar 4 Ruote,691052134,Via Sassari 45
Ascoli Piceno,Marche,Bar Arizona,1403760189,Via Napoli 17
Ascoli Piceno,Marche,Bar ATI Pancaffè,2324921842,Via dei Girasoli 40
Ascoli Piceno,Marche,Bar Aurora,639624224,Viale Marcello Federici 67
Folignano,Marche,Bar 2Erre,806145775,Via Mario Cenciarini 184
Folignano,Marche,Bar 2Erre,806145775,Via Mario Cenciarini 29
Monteprandone,Marche,Bar 2 Orsi,1401570924,Maglie 38
Monteprandone,Marche,Bar 2 Orsi,1401570924,Fermignano 65
San Benedetto Del Tronto,Marche,Antico Caffè Soriano,2529027232,Viale Alcide De Gasperi 60
Massa,Toscana,Antica Pasticceria Tonlorenzi,2152298576,Viale Stazione 28
Barga,Toscana,Antico Caffè Centrale,2975897164,Via della Repubblica 38
Camaiore,Toscana,Amadeus,482871470,Viale Cristoforo Colombo 197
Camaiore,Toscana,Arlecchino,1904425354,Treia 118
Camaiore,Toscana,Bar Atlantic,448196472,Strada Statale Aurelia 98
Camporgiano,Toscana,Adriano Caffè,3321896197,Strada Regionale 445 della Garfagnana 155
Capannori,Toscana,Alma bar,2068228629,Via dei Canali 167
Castelnuovo Di Garfagnana,Toscana,Aurora,3855516079,Piazza della Repubblica 117
Lucca,Toscana,Astra,2993609213,Piazza del Giglio 7
Lucca,Toscana,BabaYaga Bar,3410430648,Via Giovan Battista Giorgini 93
Massarosa,Toscana,"Antico Caffè Pasticceria, Pizzeria",1997884007,Reggiolo 8
Massarosa,Toscana,"Bar Agostini, Tabacchi",2028757364,Pizzighettone 142
Massarosa,Toscana,Bar Argentona,1543208385,Pian del Quercione SS439
Viareggio,Toscana,Baldassari,484872454,Via della Mimosa 128
Viareggio,Toscana,Balena,1425824870,Viareggio 21
Montecatini-Terme,Toscana,Arci Nievole,1985754573,Via della Nievole 90
Barberino Di Mugello,Toscana,Baja,1855577634,Trani 25
Calenzano,Toscana,Amici della Concordia,3747337656,Via del Saccardo 50
Campi Bisenzio,Toscana,Ballerini Teatro,1768053023,Piazza Dante 117
Empoli,Toscana,A.R.C.I. S.Maria,301580008,Via Livornese 138
Empoli,Toscana,Bar Azeglio,3762191472,Piazza Antonio Gramsci 9
Empoli,Toscana,Bar Azzurro,3763384524,Piazza della Vittoria 28
Firenze,Toscana,Adriano,968519074,Via Flavio Torello Baracchini 26
Firenze,Toscana,Al Bar,3749477994,Viale dell'Albereta 194
Firenze,Toscana,Anry,864829828,Via Mario Sbrilli 120
Firenze,Toscana,Antica Sosta degli Aldobrandini,1964736020,Piazza Madonna degli Aldobrandini 5
Firenze,Toscana,ARCI Casa del Popolo,3845199902,Via di San Romano 1
Firenze,Toscana,Arnold Coffee,2534763276,Via degli Avelli 4
Firenze,Toscana,Bar 16,1465243908,Via del Corso 90
Firenze,Toscana,Bar 206,1219218184,Largo Cesare Cantù 90
Greve In Chianti,Toscana,Bar,1688379133,Castelgomberto 67
Marradi,Toscana,Bar,2410208054,Via Casette 125
Marradi,Toscana,Bar Alimentari La Piazzetta,2131278432,Via della Badia 2
Montaione,Toscana,Bar Alimentari,1241924442,Via Sughera 112
Scandicci,Toscana,7000 caffé,3969112203,Via Roma 44
Scandicci,Toscana,All'Estremo,3969112202,Via Roma 22
Scandicci,Toscana,Aurora,533694205,Via San Bartolo in Tuto 182
Sesto Fiorentino,Toscana,Bar Atlantic,2565896784,Via Antonio Gramsci 176
Vinci,Toscana,Bar Ariston,3240976532,Via del Palazzo 156
Livorno,Toscana,4 Amici al Bar,3613459180,Via dei Lanzi 11
Livorno,Toscana,4 Mori,1726992983,Viale Giosuè Carducci 122
Livorno,Toscana,Adone,343755823,Viale Italia 110
Livorno,Toscana,Aeffe,1663406767,Via dell'Artigianato 162
Livorno,Toscana,Alf Bar,1671060718,Via Provinciale Pisana 40
Livorno,Toscana,Arcobaleno,383709061,94 92
Marciana,Toscana,Acropoli,1108313162,Piazza Umberto 49
Rosignano Marittimo,Toscana,Aria Lounge Bar,1376811979,Vecchia Aurelia 941
Rosignano Marittimo,Toscana,Bagni Ausonia,2427178272,Castiglioncello 95
Rosignano Marittimo,Toscana,Bagni Italia,2427180206,Via del Quercetano 144
Rosignano Marittimo,Toscana,Bagni Lido,2427185453,Castiglioncello 190
Rosignano Marittimo,Toscana,Bagni Miramare,2427176771,Castiglioncello 7
Rosignano Marittimo,Toscana,Bagni Nettuno,2427164303,Via Godilonda 188
Rosignano Marittimo,Toscana,Bagni Roma,2427166070,Via Godilonda 73
Rosignano Marittimo,Toscana,BAR Jolly,3971518425,Via Aurelia 123
Calcinaia,Toscana,ACLI,3457924636,Piazza Carlo Alberto 72
Calcinaia,Toscana,Alex 2,2971261407,Via Giacomo Matteotti 141
Capannoli,Toscana,"Bar """"Il Capricorno"""" di Gambicorti Fabio",3685909046,via San Francesco 58
Cascina,Toscana,Bar Anna,1106841807,Colico 118
Pisa,Toscana,ACLI,3429396756,Via Renello Gemignani 120
Pisa,Toscana,AgipCafè,2700667452,Oppido Mamertina 195
Pisa,Toscana,Antica gelateria del borgo,3481864312,Via Guglielmo Oberdan 39
Pisa,Toscana,Arcalle,2492113555,Piazza Felice Cavallotti 150
Pisa,Toscana,Bacchus,2739412780,Via Aurelia Sud 159
Pisa,Toscana,"Bar """"La caffetteria""""",2463186795,Via Silvestri 145
Pontedera,Toscana,"Abbey Road Pub"""" di Massimo Stacchini",3685910670,Castel San Pietro Terme 153
Pontedera,Toscana,Amalia Laghi,2618772942,Via delle Prunacce 2
Anghiari,Toscana,Bar,2212916665,Via Enrico Fermi 113
Anghiari,Toscana,Bar - Alimentari,1722769018,Strada Provinciale 47 di Caprese Michelangelo 101
Arezzo,Toscana,52cento,1868681912,Riccione Marina 191
Arezzo,Toscana,Art Café,2138313689,Via Fratelli Lumière 8
Arezzo,Toscana,Bar,1945252754,Strada Regionale Umbro Casentinese Romagnola 120
Arezzo,Toscana,Bar,2186947743,Strada Regionale Umbro Casentinese Romagnola 14
Arezzo,Toscana,Bar,2561010481,Strada Regionale Umbro Casentinese Romagnola 41
Caprese Michelangelo,Toscana,Bar,1765865857,Via il Cerro 95
Civitella In Val Di Chiana,Toscana,Bar,2489170352,Strada Statale 73 Senese Aretina 153
Cortona,Toscana,Al Caffè,2155793102,Via Guelfa 2
Loro Ciuffenna,Toscana,Angolo del bar,475203022,Prata di Pordenone 6
Pieve Santo Stefano,Toscana,Bar,2821961196,Via Belvedere 25
Pieve Santo Stefano,Toscana,Bar,1706431838,Via Belvedere 181
Sansepolcro,Toscana,Amadeus Bar,1686878707,Via Santa Croce 192
Sansepolcro,Toscana,Bar,1686040387,Via Giuseppe Mazzini 43
Sansepolcro,Toscana,Bar,2703954113,Via Giuseppe Mazzini 125
Sansepolcro,Toscana,Bar,2724348365,Via Giuseppe Mazzini 53
Sansepolcro,Toscana,Bar,1691207876,Via Giuseppe Mazzini 18
Sansepolcro,Toscana,Bar Amici Miei,1691207871,Via Niccolò Aggiunti 94
Sansepolcro,Toscana,Bar Autostazione,1683377649,Codevigo 186
Sansepolcro,Toscana,B bar,1687116157,Viale Vittorio Veneto 45
Colle Di Val D'Elsa,Toscana,Bar Arnolfo,1489923237,Colle di Val d'Elsa 36
Montepulciano,Toscana,Bar 'I Tigli',1933429327,Via Roma 150
Monteriggioni,Toscana,Antico Torchio,3722788411,Via Giacomo Matteotti 37
Monteroni D'Arbia,Toscana,BAR Sport,563597421,Via Siena 151
Monteroni D'Arbia,Toscana,BAR Sport,563597422,Via Siena 151
San Quirico D'Orcia,Toscana,Angolo del vino,727277220,Taranto 169
Siena,Toscana,Alfieri caffe',671921905,Via di Pantaneto 59
Sinalunga,Toscana,American Bar,254062953,Via Trento 90
Grosseto,Toscana,Angels Cafè,1651603832,Ribera 192
Grosseto,Toscana,Arianna,1641944664,Mercato Saraceno 181
Grosseto,Toscana,Bar,3598244274,Campsite Cieloverde 71
Orbetello,Toscana,Arsura Bar,3077397321,Via Poggio Perello 86
Scarlino,Toscana,Bar - Pizzeria La Piazzetta,1660380011,Piazza Antonio Gramsci 188
Assisi,Umbria,Baby Bar,3426885535,Bollate 11
Assisi,Umbria,Bar,853116394,Strada Regionale 147 di Assisi 51
Assisi,Umbria,Bar,2330432742,Strada Regionale 147 di Assisi 103
Assisi,Umbria,Bar,2339918248,Strada Regionale 147 di Assisi 83
Assisi,Umbria,Bar,2680331601,Strada Regionale 147 di Assisi 195
Assisi,Umbria,Bar,2680331621,Strada Regionale 147 di Assisi 118
Assisi,Umbria,Bar - Gastronomia,2336843616,Via Giuseppe Di Vittorio 119
Assisi,Umbria,B.B. bar - pasticceria panini,2330423093,Via Adelmo Canini 146
Bastia,Umbria,Bar,2294634405,Via delle Querce 91
Bastia,Umbria,Bar,2303442339,Via delle Querce 182
Bastia,Umbria,Bar,2304919575,Via delle Querce 183
Bastia,Umbria,Bar,3417335222,Via delle Querce 195
Campello Sul Clitunno,Umbria,Bar,2441703930,Eremo Francescano Palco
Campello Sul Clitunno,Umbria,Bar,2444043736,Eremo Francescano Palco
Campello Sul Clitunno,Umbria,Bar - Gelateria,2157030774,Castelli Calepio 3
Cannara,Umbria,Bar,2378950980,Viale Roma 7
Cascia,Umbria,Bar,2876048171,Via Tranquillo Graziani 42
Cascia,Umbria,Bar,2876061852,Via Tranquillo Graziani 85
Cascia,Umbria,Bar - Gelati,2876048174,Strada Regionale 320dir di Cascia 152
Cascia,Umbria,Bar - Pizza,2876061836,Strada Regionale 320dir di Cascia 189
Castiglione Del Lago,Umbria,Bar,3036910687,Via Roma 111
Citerna,Umbria,Bar,1653046391,Via del Mulino 1
Citta' Di Castello,Umbria,Agorà,1625027004,Via Giuseppe Mazzini 4b
Citta' Di Castello,Umbria,Alberto's bar,3900024857,Viale Romagna 67
Citta' Di Castello,Umbria,Artcafè,3821234574,Corso Vittorio Emanuele Secondo 31
Citta' Di Castello,Umbria,Bar,1464583127,Via Antonio Migliorati 129
Citta' Di Castello,Umbria,Bar,1820049252,Via Antonio Migliorati 59
Citta' Di Castello,Umbria,Bar,1823833506,Via Antonio Migliorati 157
Citta' Di Castello,Umbria,Bar,2804968528,Via Antonio Migliorati 143
Citta' Di Castello,Umbria,Bar,2805021495,Via Antonio Migliorati 77
Citta' Di Castello,Umbria,Bar,2739055572,Via Antonio Migliorati 73
Citta' Di Castello,Umbria,Bar,1457567783,Via Antonio Migliorati 50
Citta' Di Castello,Umbria,Bar,1464572985,Via Antonio Migliorati 23
Citta' Di Castello,Umbria,Bar Alma,1824110476,Via San Florido 22
Citta' Di Castello,Umbria,Bar - Panini,1890703171,Strada Regionale 257 Apecchiese 93
Citta' Di Castello,Umbria,Bar - Panini,1890703179,Strada Regionale 257 Apecchiese 82
Corciano,Umbria,Bar,2365511400,Via Raffaello Sanzio 175
Corciano,Umbria,Bar,2523186802,Via Raffaello Sanzio 134
Corciano,Umbria,Bar,2902767747,Via Raffaello Sanzio 96
Corciano,Umbria,Bar,2904955085,Via Raffaello Sanzio 154
Corciano,Umbria,Bar,2904997430,Via Raffaello Sanzio 187
Deruta,Umbria,Bar,2898093510,Via del Risorgimento 189
Foligno,Umbria,Antico Caffè della Piazza,996196434,Piazza della Repubblica 34
Foligno,Umbria,Bar Altobelli,3295469836,Via Adriatica 93
Foligno,Umbria,Bar - panini,3295558546,Via Adriatica 42
Fossato Di Vico,Umbria,Bar,2257922451,Via Stazione 191
Fossato Di Vico,Umbria,Bar,2257951258,Via Stazione 76
Fossato Di Vico,Umbria,Bar,2260094777,Via Stazione 29
Fratta Todina,Umbria,Bar 2000,2302258314,Via Circonvallazione 11
Gualdo Tadino,Umbria,Bar Appennino,1067454983,Piazza Martiri della Libertà 27
Gubbio,Umbria,7000 caffè,2459539548,Via Camillo Benso Conte di Cavour 5
Gubbio,Umbria,Bar,2463764080,Via Castel d'Alfiolo 18
Gubbio,Umbria,Bar,2487732957,Via Castel d'Alfiolo 145
Gubbio,Umbria,Bar,2487733008,Via Castel d'Alfiolo 195
Magione,Umbria,Bar,2690918895,Corso Abate Raffaele Marchesi 173
Montone,Umbria,Aries Cafe,1808648181,Corso Giuseppe Garibaldi 1
Perugia,Umbria,75,1817718776,Umbria 90
Perugia,Umbria,110 Cafè,1710704761,Via Alessandro Pascoli 137
Perugia,Umbria,Alunni,3481190543,Via Alessandro Manzoni 86
Perugia,Umbria,Amici Miei bar,1912472137,Via Giulio Cicioni 96
Perugia,Umbria,Antica Perugia,2941305517,Via Eugubina 11
Perugia,Umbria,Antico Caffè,3258280761,Via Francesco Briganti 169
Perugia,Umbria,Autogrill,2279244687,Strada Statale 3 bis Tiberina 84
Perugia,Umbria,Bar,1779888175,Via Adriatica 84
Perugia,Umbria,Bar,2090529310,Via Adriatica 166
Perugia,Umbria,Bar,2147975941,Via Adriatica 137
Perugia,Umbria,Bar,2265653623,Via Adriatica 30
Perugia,Umbria,Bar,2265653707,Via Adriatica 67
Perugia,Umbria,Bar,2272405767,Via Adriatica 96
Perugia,Umbria,Bar,2272473692,Via Adriatica 193
Perugia,Umbria,Bar,2281811341,Via Adriatica 85
Perugia,Umbria,Bar,2288854175,Via Adriatica 109
Perugia,Umbria,Bar,2328029213,Via Adriatica 131
Perugia,Umbria,Bar,2330517199,Via Adriatica 172
Perugia,Umbria,Bar,2396857566,Via Adriatica 91
Perugia,Umbria,Bar,2475049294,Via Adriatica 137
Perugia,Umbria,Bar,2479935638,Via Adriatica 78
Perugia,Umbria,Bar,2491219678,Via Adriatica 153
Perugia,Umbria,Bar,2496043314,Via Adriatica 94
Perugia,Umbria,Bar,2688700926,Via Adriatica 19
Perugia,Umbria,Bar,2696707631,Via Adriatica 155
Perugia,Umbria,Bar,2696853449,Via Adriatica 176
Perugia,Umbria,Bar,2681754513,Via Adriatica 105
Perugia,Umbria,Bar,2279232040,Via Adriatica 190
Perugia,Umbria,Bar,2495941826,Via Adriatica 193
Perugia,Umbria,Bar,2496001319,Via Adriatica 63
Perugia,Umbria,Bar,2496107025,Via Adriatica 86
Perugia,Umbria,Bar 3 archetti,1731525442,Corso Cavour 56/60
Perugia,Umbria,Bar - pasticc.,2697063562,Bergamo 10
Perugia,Umbria,Bar - Pasticceria,2479778121,Via Strozzacapponi 74
Pietralunga,Umbria,Bar,1817918845,Via Roma 25
Pietralunga,Umbria,Bar,1817887528,Via Roma 128
San Giustino,Umbria,Anni 70 Café,1804442001,Via Valdarno 27
Sant'Anatolia Di Narco,Umbria,Bar,2488587996,Via della Stazione 155
Sant'Anatolia Di Narco,Umbria,Bar Alberto,469755850,Ex Ferrovia Spoleto Norcia 150
Scheggia E Pascelupo,Umbria,Bar,2245496209,Via Flaminia 147
Scheggia E Pascelupo,Umbria,Bar,2246095668,Via Flaminia 100
Scheggia E Pascelupo,Umbria,Bar 46,2246071478,Via Roma 104
Scheggino,Umbria,Bar,2607701602,Strada Regionale 209 Valnerina 110
Scheggino,Umbria,Bar,2607567788,Strada Regionale 209 Valnerina 53
Sigillo,Umbria,Bar,2247849436,Via Giacomo Matteotti 79
Sigillo,Umbria,Bar,2247951093,Via Giacomo Matteotti 73
Spoleto,Umbria,Bar,2151691737,Via dell'Anfiteatro 128
Todi,Umbria,Bar,2874069820,Via Giacomo Matteotti 44
Trevi,Umbria,Bar,2447960678,Via Faustana in Borgo 2
Tuoro Sul Trasimeno,Umbria,Bar,2153799937,Via Porto 115
Tuoro Sul Trasimeno,Umbria,Bar,2813314135,Via Porto 164
Umbertide,Umbria,Antico Caffé,1657415674,Via Giuseppe Garibaldi 14
Umbertide,Umbria,Arte del Caffé,1907382296,Piazza Carlo Marx 64
Umbertide,Umbria,Bar,1738190578,Strada Statale 3 bis Tiberina 5
Umbertide,Umbria,Bar,1940734486,Strada Statale 3 bis Tiberina 190
Umbertide,Umbria,Bar,2694329419,Strada Statale 3 bis Tiberina 57
Umbertide,Umbria,Bar,2495916090,Strada Statale 3 bis Tiberina 174
Umbertide,Umbria,Bar 2010,1907952847,Via Ruggero Cane Ranieri 186
Umbertide,Umbria,Bar - Alimentari,2694329447,Strada Regionale 416 del Niccone 81
Umbertide,Umbria,Bar - Tabacchi,1655730956,Via Rodolfo Morandi 9
Valfabbrica,Umbria,Bar,2268153458,Via Roma 113
Montecastrilli,Umbria,Aquila d'Oro,3709249626,Viale Giuseppe Garibaldi 113
Narni,Umbria,Bar,2285445470,Via Cappuccini Nuovi 93
Narni,Umbria,Bar,2683339414,Via Cappuccini Nuovi 91
San Venanzo,Umbria,Bar,2550454600,Viale 4 Novembre 58
Avigliano Umbro,Umbria,Bar,2091224086,Via Sottomuro 142
Civita Castellana,Lazio,BAR Zeta,490441295,Via Alcide de Gasperi 15
Gallese,Lazio,Bar Alla Rocca,1942953311,Corso Duca Luigi 177
Gallese,Lazio,"Bar """"Il Sole""""",2239085147,"Zona Industriale ""La Valle"" - Autolavaggio Il Sole 109"
Gallese,Lazio,"Bar """"Tre Stelle""""",2235057900,Monzuno 23
Soriano Nel Cimino,Lazio,Autogrill La Molinella,883061193,Strada Statale 675 Umbro-Laziale 135
Vasanello,Lazio,Angoletto Goloso,3331644826,Piazza della Repubblica 154
Cittaducale,Lazio,Bar Angioino,919770879,Corso Mazzini 31
Rieti,Lazio,Alexius Cafe,3880778710,Via Giuseppe Garibaldi 137
Agosta,Lazio,Bar,1913884271,Via Roma 117
Canale Monterano,Lazio,Bar Azzurra,1413415270,Corso della Repubblica 180
Cerveteri,Lazio,Arcobaleno 2000,1904128335,Via Settevene Palo 195
Civitavecchia,Lazio,Bar 40,1635077105,Largo Marco Galli 153
Guidonia Montecelio,Lazio,Bar,2192729933,Via Maremmana Inferiore 129
Guidonia Montecelio,Lazio,Bar,2192729933,Via Maremmana Inferiore 120
Guidonia Montecelio,Lazio,Bar,2192729929,Via Maremmana Inferiore 135
Guidonia Montecelio,Lazio,Bar,2192729929,Via Maremmana Inferiore 171
Guidonia Montecelio,Lazio,Bar,2192729939,Via Maremmana Inferiore 170
Guidonia Montecelio,Lazio,Bar,2192729939,Via Maremmana Inferiore 152
Guidonia Montecelio,Lazio,Bar,2192732469,Via Maremmana Inferiore 145
Guidonia Montecelio,Lazio,Bar,2192732469,Via Maremmana Inferiore 43
Guidonia Montecelio,Lazio,Bar,2192734153,Via Maremmana Inferiore 17
Guidonia Montecelio,Lazio,Bar,2192734153,Via Maremmana Inferiore 95
Guidonia Montecelio,Lazio,Bar 2000,2192726519,Via Maremmana Inferiore 13
Guidonia Montecelio,Lazio,Bar 2000,2192726519,Via Maremmana Inferiore 193
Nettuno,Lazio,Alex Bar,2228522148,Via Cadolino 20
Pomezia,Lazio,Bar Ardeatino,3264271252,Via di Tor del Vescovo 190
Pomezia,Lazio,BAR Di Giulio,3781365367,Via Naro 31
Roma,Lazio,"0,75",3217327590,Lungolago di Polline 75
Roma,Lazio,60,331097799,Piazza Augusto 184
Roma,Lazio,60,331097799,Piazza Augusto 91
Roma,Lazio,Airport Cafè,2638506151,Via Scribonio Curione 132
Roma,Lazio,Alan Bar,2905413207,Via dei Sette Metri 10
Roma,Lazio,Alan Bar,2905413207,Via dei Sette Metri 96
Roma,Lazio,Alexander Bar,2572173425,954/956 7
Roma,Lazio,Alexander Bar,2572173425,954/956 48
Roma,Lazio,Alexanderplatz,394953061,Via Santamaura 113
Roma,Lazio,Alexanderplatz,394953061,Via Santamaura 97
Roma,Lazio,Alice,1714925868,Via Tuscolana 153
Roma,Lazio,Alice,1714925868,Via Tuscolana 80
Roma,Lazio,All'Arco,1644414779,Via Fratelli Bonnet 182
Roma,Lazio,All'Arco,1644414779,Via Fratelli Bonnet 113
Roma,Lazio,Al Solito Posto,332042306,Via delle Sette Chiese 80
Roma,Lazio,Al Solito Posto,1747005268,Via delle Sette Chiese 80
Roma,Lazio,Al Vecchio Torchio,3265949644,Via dei Casali di Porta Medaglia 86
Roma,Lazio,Al Vecchio Torchio,3265949644,Via dei Casali di Porta Medaglia 116
Roma,Lazio,American bar,3940791813,Largo Giulio Capitolino 366
Roma,Lazio,Antica Caffetteria Cerelli,1544650371,Via Pinerolo 27
Roma,Lazio,Antica Roma,2916648114,Via Giacomo Caneva 190
Roma,Lazio,Antica Roma,2916648114,Via Giacomo Caneva 119
Roma,Lazio,Antichisapori,3781269002,Borgo Vittorio 14A
Roma,Lazio,Antichi Sapori,1507305881,Via delle Acacie 41A
Roma,Lazio,Antico Caffè Castellino,2609205494,Via del Mancino 164
Roma,Lazio,Antico Caffè Castellino,2609205494,Via del Mancino 17
Roma,Lazio,Antico Caffè della Pace,2773299827,Via della Pace 108
Roma,Lazio,Antico Caffè della Pace,2773299827,Via della Pace 175
Roma,Lazio,Antonio da Ceccano,1822790822,Via Festo Avieno 154
Roma,Lazio,Antonio da Ceccano,1822790822,Via Festo Avieno 123
Roma,Lazio,Apt,1660404822,Via Clementina 9
Roma,Lazio,A Rota Libera,1637505502,Recco 123
Roma,Lazio,A Rota Libera,1637505502,Carini 153
Roma,Lazio,Atlantik Bar,3577014771,Via dell'Aeroporto 2C
Roma,Lazio,Babington's,1172691363,Piazza di Spagna 140
Roma,Lazio,Babington's,1172691363,Piazza di Spagna 112
Roma,Lazio,Bakery House,1641666406,Corso Trieste 157
Roma,Lazio,Bambus Bar,614404477,Viale dei Parioli 125
Roma,Lazio,Bambus Bar,614404477,Viale dei Parioli 119
Roma,Lazio,Bar,1559426327,Viale dei Promontori 146
Roma,Lazio,Bar,1559426327,Viale dei Promontori 82
Roma,Lazio,Bar,1140135305,Viale dei Promontori 87
Roma,Lazio,Bar,1140135305,Viale dei Promontori 110
Roma,Lazio,Bar,2373132879,Viale dei Promontori 109
Roma,Lazio,Bar,2373132879,Viale dei Promontori 21
Roma,Lazio,Bar,3544673528,Viale dei Promontori 81
Roma,Lazio,Bar,3544673528,Viale dei Promontori 118
Roma,Lazio,Bar,3738275863,Viale dei Promontori 105
Roma,Lazio,Bar,3738275863,Viale dei Promontori 178
Roma,Lazio,Bar 2000,1784530740,Via Monte Urano 27
Roma,Lazio,Bar Abate,2105487695,Via della Giustiniana 66
Roma,Lazio,Bar Abate,2105487695,Via della Giustiniana 125
Roma,Lazio,Bar Alex,1784530752,Via della Muratella Nuova 24
Roma,Lazio,Bar Alexander,3606132340,Largo degli Osci 57
Roma,Lazio,Bar Alexander,3606132340,Largo degli Osci 157
Roma,Lazio,Bar Aquila Reale,2880569580,Via Casilina 1110
Roma,Lazio,Bar Ario,3514201978,Via Anselmo Banduri 175
Roma,Lazio,"Bar """"Regina Elena""""",2491637399,Turbigo 88
Roma,Lazio,"Bar """"Regina Elena""""",2491637399,Mugnano del Cardinale 37
Roma,Lazio,BAR VINTAGE,3768665497,Via Ercole Drei 128
Roma,Lazio,BAR VINTAGE,3768665497,Via Ercole Drei 118
Tivoli,Lazio,Antico Caffè Puzzilli,3824358058,Piazza Santa Croce 20
Tivoli,Lazio,Ariston,3512109820,Piazza Giuseppe Garibaldi 6
Tolfa,Lazio,A.S.D. Tolfa Calcio,1935650956,Largo Donatori del Sangue 10
Velletri,Lazio,Alterego,2105695608,Viale Salvo D'Acquisto 10/a
Velletri,Lazio,Atlantici,3294171861,Via degli Atlantici 74
Velletri,Lazio,Bar 2000,2107923460,Viale Guglielmo Oberdan 112
Velletri,Lazio,Bar Artemisio,3247541223,Via Cannetoli 54
Fiumicino,Lazio,Bar,3377205888,Via Leonardo da Vinci 66
Cori,Lazio,Bar,2063301029,Via della Repubblica 113
Cori,Lazio,Bar,2063302873,Via della Repubblica 97
Cori,Lazio,Bar,2063304440,Via della Repubblica 26
Fondi,Lazio,55mq Caffè,2314389572,Via Mola di Santa Maria 110
Fondi,Lazio,Bar 2000,2157570298,Via della Stazione 116
Fondi,Lazio,Bar 5 Stelle,2293769208,Viale Piemonte 119
Norma,Lazio,2000,1456295099,Latina 178
Sezze,Lazio,Bar Appia Antica,1957233804,Rozzano 102
Terracina,Lazio,Bahia,3080200950,Latina 51
Alatri,Lazio,Bar 91,1762286033,Via della Repubblica 3
Alatri,Lazio,Bar Anna,1780590447,Via Strada Statale 155 Maddalena 115
Atina,Lazio,Antica Caffetteria Mancini,1805254326,Via San Nicola 47
Atina,Lazio,Arty Café,1805254334,Viale A. Vecchione 59
Frosinone,Lazio,BAR Minotti,1925735477,Via Marittima 309
Roccasecca,Lazio,American Bar,1827314568,Via Casilina Sud 159
Veroli,Lazio,Alaska 2000,1813962492,Via Passeggiata San Giuseppe 28
Casapulla,Campania,BOOOM,3144985430,Via Kennedy 87
Cellole,Campania,"Bar """"Il Borgo"""" da Mario",1755276776,Borgo Centore 34
Ponte,Campania,Anymore Cafè,3175175418,Viale della Stazione 88
San Giorgio Del Sannio,Campania,Amabile,659297125,Barga 130
Solopaca,Campania,Bar,1116111631,Corso Stefano Cusani 9
Caivano,Campania,Bar Azzurro,2559607253,Corso Umberto I 63
Castellammare Di Stabia,Campania,Bar 2000,1632653551,Via Principessa Mafalda 135
Cimitile,Campania,Bar Azzurro,2203458143,Corso Umberto I 95
Napoli,Campania,Alexander Caffe,3056293738,Via San Sebastiano 185
Napoli,Campania,Antico Caffe Moro,3062007794,Piazza Garibaldi 65
Ercolano,Campania,Aramar Cafè,3556142873,Via Panoramica 78
Sorrento,Campania,Banca Popolare Di Bari,3061915859,Corso Italia 127
Torre Del Greco,Campania,African Bar,3605393141,Via Martiri d'Africa 105
Avellino,Campania,Autogrill,2082769753,Area di Servizio Irpinia nord 7
Grottaminarda,Campania,Agip Bar,1474904310,Via Carpignano 85
Pietradefusi,Campania,BAR Babilonya,2945578050,Santa Elena Irpina SP50
Montoro,Campania,"Bar """"Cecilia""""",2013908850,Via Roma 95
Amalfi,Campania,Andrea Pansa,1734125435,Via Lorenzo d'Amalfi 9
Capaccio Paestum,Campania,Bar,2633603944,Via Sanniti 161
Celle Di Bulgheria,Campania,Bar Angelo Azzurro,1320716839,Via Canonico De Luca 148
Celle Di Bulgheria,Campania,Bar - On the road,1702523264,Strada Provinciale 17bis Valle Mingardo 173
Eboli,Campania,Bar Antico,3064542756,Corso Matteo Ripa 88
Nocera Inferiore,Campania,14 Gradi,3745147037,Piazza del Corso 1
Nocera Inferiore,Campania,Aperi10,3578637674,Corso Vittorio Emanuele II 199
Pagani,Campania,Bar 84016,3370700878,Via Guido Tramontano 51
Pisciotta,Campania,Bar Agora,2506814863,Piazza Raffaele Pinto 1
Prignano Cilento,Campania,Bar Alento,1813501802,SP159/b 145
Ravello,Campania,A'Fontinella,2089559175,Via Giovanni XXIII 184
Roscigno,Campania,"Bar """"Cristal""""",1242035843,Macerata Campania 198
Roscigno,Campania,"Bar """"Imperial""""",1242035490,Via Roma 115
San Mauro La Bruca,Campania,Bar Alimentari San Mauro,1319390476,Via Roma 60
Santa Marina,Campania,Bacco e Ciacco,2506748218,Via Nazionale 27
Sant'Egidio Del Monte Albino,Campania,Bar Ariete,3378259782,Via Michelangelo Carpentieri 155
Campo Di Giove,Abruzzo,Babilonia,307815140,Viale Sulmona 12
Silvi,Abruzzo,Autogrill,655430417,Torre Cerrano est 110
Teramo,Abruzzo,Apollo 11,2516063737,Via Po 40
Teramo,Abruzzo,Bar 23,2477891844,Strada Statale 80 del Gran Sasso d'Italia 61
Teramo,Abruzzo,Bar Ateneo,2477540750,Viale Francesco Crucioli 77
Torricella Sicura,Abruzzo,Al Cinquantacinque,1298333611,Via Alcide De Gasperi 10
Citta' Sant'Angelo,Abruzzo,Bagaria,630648280,Via Moscarola 87
Citta' Sant'Angelo,Abruzzo,Bagaria,1817675067,Via Moscarola 169
Manoppello,Abruzzo,Anna,1484105701,Via Gabriele D'Annunzio 3
Montesilvano,Abruzzo,85,262415703,Villa Canonico 6
Montesilvano,Abruzzo,10 Caffè,643207429,Via Vestina 33
Montesilvano,Abruzzo,Al Bacio,441373806,Corso Umberto I 44
Montesilvano,Abruzzo,Angel's Bar,428888376,Via Giuseppe Verrotti 160
Montesilvano,Abruzzo,Bar Alessandro,539872909,Via Alcide De Gasperi 12
Pescara,Abruzzo,+39 café,540621473,Via Settentrionale 92
Pescara,Abruzzo,Agip Café,646790067,Via Tito de Caesaris 70
Pescara,Abruzzo,AgipCafè,432407215,Turin 2
Pescara,Abruzzo,Alla Tazza d'Oro,482758421,Viale Giovanni Bovio 47
Pescara,Abruzzo,Andrea Bar,650484480,Avetrana 11
Pescara,Abruzzo,Angolo Bar,304891235,Via del Santuario 166
Pescara,Abruzzo,Arlecchino,650544081,Piazza Duca degli Abruzzi 27
Pescara,Abruzzo,Bar,2426805921,Viale Europa 132
Pescara,Abruzzo,Bar Aurora,325706491,Viale Giovanni Bovio 299
Tocco Da Casauria,Abruzzo,Adelante,3669785561,Via Francesco Filomusi Guelfi 107
Chieti,Abruzzo,Bar,1636739220,Corso Marrucino 181
Chieti,Abruzzo,"Bar """"Er Principe""""",739564817,Via Giuseppe Verdi 37
Chieti,Abruzzo,"Bar """"Nekar""""",2048975442,Piazzale Sant'Anna 180
Chieti,Abruzzo,"Bar """"Vittoria""""",1512897664,Corso Marrucino 89
Francavilla Al Mare,Abruzzo,Asterope,945939448,Viale Monte Corno 181
San Giovanni Teatino,Abruzzo,Bak Bar,1218626257,Corso Italia 129
Castropignano,Molise,Angolo Blu,515175937,Strada Provinciale 169 Molesana 45
Mirabello Sannitico,Molise,"Bar """"di sotto""""",3206741898,Piazza Vittorio Veneto 183
Accadia,Puglia,Bar Agorà,2315616696,Viale Roma 133
Castelnuovo Della Daunia,Puglia,Bar,2288509815,Piazza Plebiscito 123
Castelnuovo Della Daunia,Puglia,Bar,2288509821,Piazza Plebiscito 159
Castelnuovo Della Daunia,Puglia,Bar,2288509824,Piazza Plebiscito 193
Cerignola,Puglia,American Bar,649113335,Via Fanfulla 61
Cerignola,Puglia,Bar Aurora,1670620838,Via Pietro Mascagni 65
Deliceto,Puglia,Bar,2281212780,Pasticceria Nazzaro 79
Foggia,Puglia,Antica caffetteria Cupo,1521919229,Via Arpi 82
Manfredonia,Puglia,Albatros,2162690023,50 49
Manfredonia,Puglia,Bar Autuori,2126706677,Via Dante Alighieri 43
Stornara,Puglia,Bar,2652431333,Corso Vittorio Emanuele 119
Bari,Puglia,Abbaticchio,1154222594,Via Adolfo Omodeo 186
Bari,Puglia,American Bar,1143444469,Via Domenico Nicolai 9
Bari,Puglia,Bar,1059760889,Piazzetta Santa Rita 196
Bari,Puglia,Bar,639326271,Piazzetta Santa Rita 104
Bari,Puglia,Bar,1498834626,Piazzetta Santa Rita 8
Bari,Puglia,Bar,355834005,Piazzetta Santa Rita 110
Bari,Puglia,Bar Ateneo,1961127027,percorso per Sezione Data Engineering 169
Bari,Puglia,Bar - Caffè,2612504500,Via Digione 101
Bari,Puglia,BAR MUNICIPIO,3769219075,Corso Vittorio Emanuele II 84
Bitritto,Puglia,Bar,2026451994,Landriano 95
Castellana Grotte,Puglia,"Bar Autostello, Piazzale Anelli sn",1801528525,Arona 5
Conversano,Puglia,Art Cafè,2256000556,Piazza XX settembre 186
Corato,Puglia,Bar Angolo,581831331,Via Giustino Fortunato 105
Molfetta,Puglia,Agip Caffè,2487157067,Via Martiri di Via Fani 190
Molfetta,Puglia,Arcobaleno,2678602339,Banchina San Domenico 69
Molfetta,Puglia,Bar Ariston,2482468642,Via De Luca 120
Ruvo Di Puglia,Puglia,Arcobaleno,2744423291,Corso Gramsci 71
Sannicandro Di Bari,Puglia,Bar Agip,3187662561,Via Alessandro Volta 168
Terlizzi,Puglia,Alter ego,559636933,Viale delle Mimose 13
Massafra,Puglia,Alexander,1448721828,Lungovalle Niccolò Andria 174
Massafra,Puglia,Art Cafè,1447934392,Via Aldo Moro 49
Massafra,Puglia,Bar Aurora,1448697507,Corso Roma 83
Palagianello,Puglia,Amarcord,2946814698,Corso Antonio Gramsci 131
Ceglie Messapica,Puglia,Banny Café,3788109418,Via Francavilla 149
Andrano,Puglia,Alborè,3455523373,Carnate 145
Lecce,Puglia,Alex Bar,2574666785,Via Amerigo Vespucci 41
Lecce,Puglia,Avio Bar,1446112057,Via Salvatore Trinchese 33
Lecce,Puglia,Bar Antille,3424429057,Missaglia 9
Morciano Di Leuca,Puglia,Bar,2312163490,Piazza San Lorenzo 147
Melfi,Basilicata,Bar - Pasticceria,3486319434,Via Foggia 173
Potenza,Basilicata,Bar Antoine,2628814803,Via Domenico Di Giura 53
Senise,Basilicata,Arleo Torrefazione,3127505691,Via Orazio 166
Tito,Basilicata,Amici di Via Roma,2512763245,Strada Statale 95 di Brienza 186
Matera,Basilicata,Altereno Caffè,2511265409,Via Madonna delle Virtù 6
Matera,Basilicata,American Bar,2507852371,Via Armando Diaz 97
Aiello Calabro,Calabria,Bar Art Caffé,2822658542,Strada Provinciale 245 ex SS108 Silana di Cariati 75
Mongrassano,Calabria,BAR SPORT,3383011873,Strada Provinciale 111 Mongrassano 8
Rende,Calabria,"Bar """"Club 99""""",343767282,Via Settimio Severo 167
San Demetrio Corone,Calabria,Aladdin Pub 2,3884138342,Strada Provinciale 177 Acri-San Mauro 50
Tortora,Calabria,Bar Alex,3134813091,Lungomare Sirimarco 64
Botricello,Calabria,Aiello,2696174163,Via Trento 155
Tiriolo,Calabria,Bar - Tabacchi Gigliotta,2845268603,Strada statale 280 dei Due Mari 57
Caulonia,Calabria,Bar Angolo,2532446960,Bibbiano 19
Polistena,Calabria,Bar Antica Pasticceria,2192235737,Corso Mazzini 171
Reggio Di Calabria,Calabria,Bar - Tabacchi Marra Angelo,1612021797,Via Eremo Botte 64
Riace,Calabria,Agora,1812914013,Via del Mare 199
Siderno,Calabria,Bar Aquila,2296394795,Via F. Calauti 113
Alcamo,Sicilia,Bar '900,3154099252,Corso Sei Aprile 105
Marsala,Sicilia,Antica Pasticceria Michele,2287726129,Via Castello 6
Mazara Del Vallo,Sicilia,Art Café,719577507,Corso Umberto I 95
Partanna,Sicilia,Alter Ego,2501692747,Corso Vittorio Emanuele 151
Partanna,Sicilia,"Alter Ego - Bar, Pizzeria e Discoteca",2501752065,Brunico 187
Trapani,Sicilia,Al Gambero Rosso,1423374055,Via Conte Agostino Sieri Pepoli 209
Bagheria,Sicilia,American Bar,3635506176,Via Alcide De Gasperi 25
Bagheria,Sicilia,Antica Pasticceria Don Gino,2018665270,Via Dante 48
Balestrate,Sicilia,Bacco's Risto Pub,3739031525,Via Montegrappa 132
Balestrate,Sicilia,Baia Le Grotte,3740332730,Balestrate 146
Bolognetta,Sicilia,Adrian Bar,2408891811,Via Monachelli 30
Castellana Sicula,Sicilia,Atmosfera,1903722048,Corso Giuseppe Mazzini 1
Misilmeri,Sicilia,Alla Fontana Grande 2,1167036170,Viale Europa 154
Monreale,Sicilia,Baby 'O,3622256894,Via Dante 8/9
Palermo,Sicilia,Aluia,268695629,Via della Libertà 186
Palermo,Sicilia,Antica Pasticceria Mazzara,1968976199,Via Generale Magliocco 137
Palermo,Sicilia,Bar Accardi,2104909543,3 1
Termini Imerese,Sicilia,Autogrill,1376510797,Caracoli Sud 83
Blufi,Sicilia,American Bar,2458618802,Via Risorgimento 86
Lipari,Sicilia,Amore Mio,861666154,Via Marina 130
Messina,Sicilia,7 Veli Caffè,2546940483,Via Primo Settembre 47
Messina,Sicilia,Aiello,3193787715,Viale Boccetta 90
Messina,Sicilia,Autogrill,1661279407,Area di servizio Tremestieri Ovest 65
Milazzo,Sicilia,Airone,1515571881,Capannoli 94
Milazzo,Sicilia,Alexander,1524395560,Via Vittorio Veneto 76
Milazzo,Sicilia,American Bar,2778272819,Brusciano 135
Milazzo,Sicilia,Amoroso,1515888152,Via Risorgimento 126
Milazzo,Sicilia,Atlantic City,3207417873,Via Filippo Migliavacca 101
Milazzo,Sicilia,Autogrill,1749540123,Area di servizio Olivarella Sud 58
Milazzo,Sicilia,Baia del Tono,3025031864,Piazza Angonia 151
Oliveri,Sicilia,Autogrill,1756093543,Area di servizio Tindari Sud 75
Oliveri,Sicilia,Autogrill,1756142219,Area di servizio Tindari Sud 68
Pace Del Mela,Sicilia,Bar Attilio,2470980927,Via Nazionale 25
San Filippo Del Mela,Sicilia,131 bar pub,3212823195,Piazza Carlo Alberto Dalla Chiesa 186
San Filippo Del Mela,Sicilia,Alaqua,2481254549,Quiliano 50
San Filippo Del Mela,Sicilia,Bahira,2177129277,Via Firenze 155
Santo Stefano Di Camastra,Sicilia,Antico Bar del Corso,3925392541,Via Vittorio Emanuele 104
Spadafora,Sicilia,Bar Al Castello,2471012222,Borgosesia 127
Taormina,Sicilia,Angolo dei sapori,3374652564,Viale Santa Maria Goretti 127
Villafranca Tirrena,Sicilia,AgipCafé,1744286987,Divieto Nord 139
Villafranca Tirrena,Sicilia,Autogrill,1744286991,Divieto Sud 17
Acquedolci,Sicilia,Autogrill,1758134990,Autostrada Messina-Palermo 116
Agrigento,Sicilia,Amaryllis,2260203742,Via Piersanti Mattarella 114
Agrigento,Sicilia,Bar Azzurro,919614813,Via Rosina 135
Cianciana,Sicilia,Bar,2315841100,Corso Vittorio Emanuele 90
Cianciana,Sicilia,Bar,2313349677,Corso Vittorio Emanuele 52
Cianciana,Sicilia,Bar,2319482230,Corso Vittorio Emanuele 58
Cianciana,Sicilia,Bar,2319490736,Corso Vittorio Emanuele 156
Cianciana,Sicilia,Bar,2319490739,Corso Vittorio Emanuele 140
Cianciana,Sicilia,Bar,2319485907,Corso Vittorio Emanuele 129
Cianciana,Sicilia,Bar,2429457357,Corso Vittorio Emanuele 19
Caltanissetta,Sicilia,Acquarius Café,2753099989,Viale della Regione 50
Agira,Sicilia,Agrodolce,2836777969,Strada provinciale Ciaramidaro-Ponte Mangiagrilli-Bivio SS192 169
Acireale,Sicilia,Al San Domenico,2467357566,Piazza San Domenico 28
Calatabiano,Sicilia,Antica Caffeteria,2472176104,Via Venti Settembre 189
Caltagirone,Sicilia,Bar 2F,2351946807,Viale Mario Milazzo 198
Catania,Sicilia,17,521639876,Via San Giuseppe alla Rena 66
Catania,Sicilia,Ala street lounge,1059103751,Mel 185
Catania,Sicilia,American Bar Bellini,2524591891,Pignataro Maggiore 143
Catania,Sicilia,Antico Caffè Veneto,3656895074,Viale Vittorio Veneto 35
Catania,Sicilia,Arte Cafè,844387508,Via Gemmellaro 119
Catania,Sicilia,Aula 77,2522427459,Viareggio 1
Catania,Sicilia,Bar,2247231325,Via Milo 43
Catania,Sicilia,Bar Antonio,2299763433,Aci Sant'Antonio 148
Catania,Sicilia,Bar Arabica,2185914491,Via Bertuccio 26
Catania,Sicilia,"... e Tu, cosa Bevi?",1027319497,Chioggia 140
Riposto,Sicilia,"Bar """"Le Caravelle""""",2002718756,Via Cristoforo Colombo 193
San Giovanni La Punta,Sicilia,Angle Bar,2151686873,Via Santissimo Crocifisso 46
Trecastagni,Sicilia,Archi Verdi,914345951,Via Sangiuliano 55
Zafferana Etnea,Sicilia,Antica Dolceria,1214187764,Via Giuseppe Garibaldi 309
Comiso,Sicilia,Bar 1° Classe,1029916026,Crescentino 110
Modica,Sicilia,Alexander,826640265,Via Resistenza Partigiana 88
Modica,Sicilia,Bar Amore,3223621829,Vico San Carlo 36
Modica,Sicilia,BARicentro,824097776,Corso Umberto Primo 22
Ragusa,Sicilia,7 Minuti,3751933536,Via Tindari 119
Ragusa,Sicilia,Autogrill,3869401096,Viagrande 90
Avola,Sicilia,Agatino,2193293880,Loreto 68
Avola,Sicilia,Alter Ego,3494203421,Viale Papa Giovanni Paolo Secondo 114
Alghero,Sardegna,Agorá,3109790617,Via Sant'Agostino 30
Alghero,Sardegna,Anbarok,2857301281,Via Giuseppe Garibaldi 7
Castelsardo,Sardegna,Bar Annimable,1955261362,Traversetolo 155
Porto Torres,Sardegna,Acciazo,1911742925,Gattinara 185
Pozzomaggiore,Sardegna,Bar Arru,3802331725,Piazza Maggiore 24
Sassari,Sardegna,Bar Ariston,4017968751,Motta Visconti 40
Desulo,Sardegna,Bar Alfredo,2092843752,Via Cagliari 112
Desulo,Sardegna,Bar  Arangino,2089206455,Via Alfonso Lamarmora 115
Dorgali,Sardegna,Art Cafè,2254774182,Via Beata Maria Gabriella 2
Onani',Sardegna,Bar Antonella,2544163331,Via Roma 51
Cagliari,Sardegna,Alex Bar,2433590364,Via Liguria 91
Cagliari,Sardegna,Alex Bar,2433590364,Via Liguria 71
Cagliari,Sardegna,Alex Bar,2433590364,Via Liguria 140
Cagliari,Sardegna,Arcade,1896729272,Via Roma 5
Cagliari,Sardegna,Aurora Caffè,1819264251,Viale Trieste 176
Cagliari,Sardegna,Bar,1996894860,Via Cagliari 135
Cagliari,Sardegna,Bar,1996894860,Via Cagliari 115
Cagliari,Sardegna,Bar,1996894860,Via Cagliari 13
Cagliari,Sardegna,Bar Aurora,1482298620,Via Domenico Alberto Azuni 5
Cagliari,Sardegna,Bar Aurora,1482298620,Via Domenico Alberto Azuni 125
Cagliari,Sardegna,Bar Aurora,1482298620,Via Domenico Alberto Azuni 32
Mandas,Sardegna,Bar,2098666410,Via Cagliari 81
Mandas,Sardegna,Bar,2093790541,Via Cagliari 183
Selargius,Sardegna,Bar,1162723274,Via Antonio Gallus 129
Selargius,Sardegna,Bar,1162723274,Via Antonio Gallus 96
Azzano Decimo,Friuli-Venezia Giulia,Bar Al Banco,2579702676,Ronciglione 70
Barcis,Friuli-Venezia Giulia,Aquila nera,810477589,Via Roma 9
Caneva,Friuli-Venezia Giulia,Arnica,2246028918,Piazza Martiri Garibaldini 187
Casarsa Della Delizia,Friuli-Venezia Giulia,Ai Tortiglioni,709978857,Viale Venezia 45
Chions,Friuli-Venezia Giulia,Bambù,2538274919,Via Vittorio Veneto 107
Cordenons,Friuli-Venezia Giulia,Al Gatto Bianco,2166793278,Via Cervel 177
Fiume Veneto,Friuli-Venezia Giulia,Al carretto dei sapori,1586852139,Trentola 144
Maniago,Friuli-Venezia Giulia,Al Posta Caffè,3427379907,Via Trieste 20
Maniago,Friuli-Venezia Giulia,American Bar,3427697052,Via Umberto Primo 96
Maniago,Friuli-Venezia Giulia,Bar Ai Doi Tajuts,3427731499,Via Umberto Primo 150
Pasiano Di Pordenone,Friuli-Venezia Giulia,Arcobaleno Bar,2559931389,Via Capitello 95
Pinzano Al Tagliamento,Friuli-Venezia Giulia,Al Brillo parlante,3414573273,Vestignè 33
Pinzano Al Tagliamento,Friuli-Venezia Giulia,Bar Al Progresso,1663009750,Via Venti Settembre 84
Pordenone,Friuli-Venezia Giulia,0434Cafè,592607235,Corso Giuseppe Garibaldi 158
Pordenone,Friuli-Venezia Giulia,Agorà Caffè,2411891942,Piazza Don Giuseppe Lozer 104
Pordenone,Friuli-Venezia Giulia,Al Posta,410104306,Piazzale Venti Settembre 181
Pordenone,Friuli-Venezia Giulia,Ariston,848178827,Piazzetta Nino Bixio 178
Prata Di Pordenone,Friuli-Venezia Giulia,Bar Al Pont de Fero,1709216053,Via Roma 116
Sacile,Friuli-Venezia Giulia,Al baretto,3314481351,Via Giuseppe Garibaldi 84
Sacile,Friuli-Venezia Giulia,Antica,3314478621,Piazza del Popolo 53
Sacile,Friuli-Venezia Giulia,Aroma,3314465606,Via Giuseppe Garibaldi 13
Sacile,Friuli-Venezia Giulia,Bar Al Portego,3314480333,Via Giuseppe Garibaldi 64
Sacile,Friuli-Venezia Giulia,"Bar / Gelateria """"Capriccio""""",3314474405,Via dei Cipressi 3
San Vito Al Tagliamento,Friuli-Venezia Giulia,Al ritrovo,2358786002,Via Antonio Altan 127
San Vito Al Tagliamento,Friuli-Venezia Giulia,Antico Bar Bottegon,600014644,Via Paolo Sarpi 138
San Vito Al Tagliamento,Friuli-Venezia Giulia,Bar Alla Torre,601853297,Via Antonio Pascatti 2
Sequals,Friuli-Venezia Giulia,Alla posta,2002875819,Via Giovanni Ciani 32
Sesto Al Reghena,Friuli-Venezia Giulia,Bar Al Cichetin,2517508277,Via Settimo 85
Cuglieri,Sardegna,Antonello Bar Caffè,2306435220,Corso Umberto I 117
Oristano,Sardegna,Alexander Café,1889770383,Via Cagliari 139
Oristano,Sardegna,American Bar Gelateria Moby Dick,860150562,Piazza della Torre 50
Sedilo,Sardegna,Bar Alcatraz,3339461150,Viale Martiri della Libertà 34
Sedilo,Sardegna,BAR SU EZZU,3556147822,Chiaravalle Centrale 42
Bosa,Sardegna,Art Cafè,3057815549,Piazza Angelico Zannetti 169
Cossato,Piemonte,Arci Parlamento,2295472373,Via Parlamento 125
Pray,Piemonte,'L Salot Galup,679192426,Via Bartolomeo Sella 13
Vigliano Biellese,Piemonte,Angolo del sole,2649825669,Via Florindo Comotto 127
Barzio,Lombardia,Bar - Centro Sportivo Conca Rossa,1857878950,Località Conca Rossa 37
Dervio,Lombardia,Angolo Bar,1631986806,Villa SP72
Mandello Del Lario,Lombardia,Al Portico,2451148882,Busto Arsizio 16
Missaglia,Lombardia,Bar Alba,1639079432,Mesagne 70
Premana,Lombardia,Bar 2 Fanti,3169259719,Via Roma 17
Casalpusterlengo,Lombardia,BAR gelateria del viale,1575702384,Viale Cappuccini 74
Lodi,Lombardia,33 Giri,3386058958,Vairano Patenora 34
Lodi,Lombardia,Alma,3383736369,Carmiano 127
Lodi,Lombardia,Anelli,3383564951,Via Nino Dall’Oro 137
Lodi,Lombardia,Angel's Cafe,3383736373,Via Franchino Gaffurio 95
Lodi,Lombardia,ART café,2426837184,Via Lodivecchio 178
Lodi,Lombardia,Arte,3383717443,Piazza Mercato 33
Lodi,Lombardia,Atmosphere,3383741101,San Giorgio Piacentino 18
Lodi,Lombardia,Baobab,3383551055,Viale Italia 195
Somaglia,Lombardia,Bar Al Semaforo,1609960469,Cascina Chiesa Vecchia SP126
Riccione,Emilia-Romagna,Al solito posto,1407162241,Viale Giulio Cesare 192
Rimini,Emilia-Romagna,Bar 70,737216593,Via Covignano 147
Prato,Toscana,...a casa Gori,2034938878,Piazza Sant'Agostino 14
Prato,Toscana,Antico Caffè,2081406672,Via Giuseppe Garibaldi 140
Crotone,Calabria,Akropolis,1459924320,Contrada Passovecchio 49
Crotone,Calabria,Aladin,1307017567,Via Primo Maggio 41
Crotone,Calabria,Alexander,1307004782,Viale Cristoforo Colombo (ZTL) 180
Crotone,Calabria,Alexander Beach,3226745894,Semaforo 55
Crotone,Calabria,Al Mio Bar,1308736230,Modica 57
Crotone,Calabria,American Bar,1307017680,Via Giovanni Paolo II 168
Crotone,Calabria,Anagrama,1306971976,Crocetta del Montello 119
Crotone,Calabria,Angel Bar,2331882870,Cerda 61
Crotone,Calabria,Antico Caffé,1435483422,Viale Stazione 115
Crotone,Calabria,Bar Angelo,1307045874,Via Libertà 11
Crotone,Calabria,Bar Augello,1349206784,I Portici 113
Isola Di Capo Rizzuto,Calabria,Aloha Beach,1728772411,Via del Golfo di Squillace 69
Dinami,Calabria,Bar,3718220664,Viale Del Re 152
Gerocarne,Calabria,Al tavolato,1607577375,Ciano SP60
Zambrone,Calabria,Bar,3935900827,Via della Rinascita 80
Druogno,Piemonte,Antica Osteria,3521465578,Via Bonardi 56
Druogno,Piemonte,Bar Alpi,3734284354,Strada statale della Val Vigezzo 86
Ornavasso,Piemonte,Angel's Cafè,946573389,Via Alfredo di Dio 79
Stresa,Piemonte,Albergo,2157611319,Via Lungo Lago Vittorio Emanuele 118
Stresa,Piemonte,????,3520972396,Verbano-Cusio-Ossola 177
Vanzone Con San Carlo,Piemonte,"Bar """"La Farmacia""""",2213275287,Piazza San Rocco 159
Verbania,Piemonte,Alice,2299811093,Piazza Giuseppe Garibaldi 125
Villette,Piemonte,Bar Acli,2361720112,Piazza Emma Brindici Bonzani 9
Arzachena,Sardegna,Bar Alyson,1575455760,Piazza Risorgimento 1
Budoni,Sardegna,Antica Caffetteria,1723386457,Via Nazionale 20
Olbia,Sardegna,Adela Cafè,1589699303,Corso Vittorio Veneto 65
San Teodoro,Sardegna,Alto Gusto,2432634123,Via Don Gavino Pes 173
Tempio Pausania,Sardegna,Antico Cafe 1921,1481228456,Via Nazionale 152
Arzana,Sardegna,Bar,2519809028,Via Giuseppe Garibaldi 67
Lotzorai,Sardegna,Bar Arzu,1353810141,Via Roma 136
Arbus,Sardegna,Bar,2339153397,Via Mar Mediterraneo 54
Arbus,Sardegna,Bar,1794603864,Via Mar Mediterraneo 174
Fluminimaggiore,Sardegna,Bar,3666761467,Via Vittorio Emanuele 105
Biassono,Lombardia,Bar 72,3150516053,Via Cesana e Villa 80
Brugherio,Lombardia,Angelo,3902609235,Via Alcide De Gasperi 165
Cogliate,Lombardia,Al 9,3900149749,Via Venticinque Aprile 7a
Lissone,Lombardia,Bar Atlantic,3686793846,Via Generale Gaetano Giardino 51
Meda,Lombardia,Ancora,3216672485,Via Ticino 18
Meda,Lombardia,Atti's,3256989301,Via Giuseppe Verdi 12
Meda,Lombardia,Bamboo,3230674560,Via Giuseppe Mazzini 45
Monza,Lombardia,Air Bar,2453471010,Via San Gottardo 60
Monza,Lombardia,Al 37,2925123127,Via Luciano Manara 22
Monza,Lombardia,Al punt de la Mariota,2404068789,Via Bergamo 10/E
Monza,Lombardia,Ambrosini,2371151015,Piazza Giosuè Carducci 2
Monza,Lombardia,Ardigò Cafè,3320932150,Via Roberto Ardigò 38/B
Monza,Lombardia,Astor,2545745101,Via Vittorio Emanuele Secondo 53
Monza,Lombardia,Baby Bar,3396913745,Viale Ugo Foscolo 82/A
Monza,Lombardia,Bar Adamo,2394349628,Magnago 75
Monza,Lombardia,Bar Alessia,3348356332,Via Antonio Cederna 53
Monza,Lombardia,Bar Amati,2641501119,Via Carlo Amati 40
Monza,Lombardia,Bar Arengo,2358901908,Via Lambro 10/C
Monza,Lombardia,Bar Arosio,2635454731,Via Carlo Prina 26/C
Muggio',Lombardia,"Bar """"Babel""""",1400425323,Via Monte Grappa 18
Seregno,Lombardia,Al Bar Bisa,3450504962,Forlimpopoli 164
Seregno,Lombardia,Bar 13,3456946795,Piazza Prealpi 13
Villasanta,Lombardia,Bar 90,3073582920,Via Giuseppe Garibaldi 44
Vimercate,Lombardia,Bar Arturo,3470854528,Uzzano 180
Lentate Sul Seveso,Lombardia,Angolo del Gelato,968112503,Via Giuseppe Garibaldi 3
Lentate Sul Seveso,Lombardia,Aurora Cafè,1361328041,Via Giuseppe Garibaldi 70
Porto San Giorgio,Marche,2M,1280815173,Viale Don Giovanni Minzoni 119
Barletta,Puglia,Angel Caffe,626149027,Via dei Pini 116
Barletta,Puglia,Bar Atlanta 96,626149042,Via dei Pini 171
